ID,Title,URL/Username,Description,Pinned Message,Description Status,Pinned Comment Status,Shared Links,Shared Links Status
https://t.me/c/2098061253,ğŸ’°ğŸ’°EXNESS TRADERS ğŸ’°ğŸ’°,https://t.me/EXNESSUsers,"ğŸ”¥JOIN EXNESS TEAMğŸ”¥

â™¾This is the only EXNESS MARKET team â™¾

-ğŸ“ˆFOREX SIGNALSğŸ“ˆ

Support - @ContactExnesSupport

-ğŸ“Š90/99% SUCCESS RATEğŸ“Š

ğŸ’±Place 4 people winning moneyğŸ’°

Share EXNESS USERS! ğŸ˜»","This channel is the future of many newbie worker!

This is The free place to trade we hit 95-100â„… accuracy since starts..unmute this channel not for our benefit, even for your benefit we are just sharing signal everyday 3-5 in free and they results 90â„…+ accuracy.",Not Match,Not Match,,Not Match
https://t.me/c/2188512753,EXNESS FX TRADERS,https://t.me/exnessfxtraders0,"ğŸ”¥JOIN EXNESS TEAMğŸ”¥
â™¾This is the only EXNESS MARKET team â™¾
ğŸ“ˆFOREX SIGNALSğŸ“ˆ
Support - @Customer_suport_1",I WANT TO INVEST - https://t.me/Customer_suport_1,Not Match,Not Match,,Not Match
https://t.me/c/1729206500,Exness Global Trade,https://t.me/exness_traders,"Where investors make better decisions
Contact our admin for your investment and VIP.
Little win is better than big loss.

Contact Admin: @Lincoln_bright11","ğŸŸ¢WHAT WE DO HEREğŸŸ¢

- We trade
- We make profits
- We pay investors
- We trade different commodities for private investors and companies as well

- We help those who wish to earn money through forex trade.

- With correct signaling services,we trade for them and return profits afterward

- Investment is through forex.

- When you invest we trade with it,and return your investment with profits.

Send a message across for further
inquiries and proper guidance:

ğŸ“² Contact: https://t.me/Lincoln_bright11",Not Match,Not Match,,Not Match
https://t.me/c/2077459222,EXNESS NAIRA TRADERS,https://t.me/exnessnairatraders,"Trade with our recommended broker

https://one.exnesstrack.net/a/9vwiwo9n5m

Open an account, Select NGN as the currency",,Match,Not Match,,Not Match
https://t.me/c/1928837451,ğ„ğ—ğğ„ğ’ğ’ ğ“ğ‘ğ€ğƒğ„ğ‘S ğ‹ğˆğŒğˆğ“ğ„ğƒğŸŒğŸ’¸ğŸ“Š,https://t.me/exnesstradersfx,"Trusted Worldwide Forex Trading Broker âœ”ï¸ğŸ’¹
Sign Up, Start Trading and make Profits Today.
DM ADMIN FOR GUIDANCE ğŸ”—",,Not Match,Not Match,https://one.exness-track.com/a/8x2f9oc2vc,Match
https://t.me/c/2136127002,Exness trade,https://t.me/exness_traderss,,"TRADING INVESTMENT PLAN

               #24 HOURS PLAN
INVEST $200 EARN $2,500
INVEST $300 EARN $3,700
INVEST $400 EARN $4,900
INVEST $500 EARN $5,300
INVEST $600 EARN $6,500

               #2DAYS PLAN
INVEST $1,000 EARN $10,000
INVEST $2,000 EARN $20,500
INVEST $3,000 EARN $30,700
INVEST $4,000 EARN $40,900
INVEST $5,000 EARN $50,000

               #5DAYS PLAN
INVEST $1BTC EARN $3BTC
INVEST $2BTC EARN $5BTC
INVEST $3BTC EARN $7BTC

For Interested Investors Send Your Full Name, Nationality, Mail Address Thanks.

Payment Method
CryptoCurrency, Skrill
Perfect Money, Local Bank

Contact admin now for your trading plan
https://t.me/Adrian_nolan247",Not Match,Not Match,,Not Match
https://t.me/c/2043137963,EXNESS FOREX TRADERS,https://t.me/EXNESS_FOREX_TRADERS,"https://one.exness.link/a/uh82c3h4

Free signals:

BTCUSD (Bitcoin)
XAUUSD(Gold)",,Not Match,Not Match,,Not Match
https://t.me/c/1764141347,EXNESS FOREX TRADERS,https://t.me/exnesstraderx,"Good binary trading manager
 Incredible win rate, 3-5
 Accurate signals dailyğŸ“ˆğŸ“‰
 We guarantee the best
 Trading strategies in action
 ğŸ’¯% investment
 ğŸ’¯% guaranteed
 ğŸ’¯% paid
 A platform created to gain wealthğŸ’¸ğŸ’¸ğŸ’·",,Not Match,Not Match,,Not Match
https://t.me/c/1688511254,Exness Forex Traders,https://t.me/Exnessbroker123,Love Forex Trading,,Not Match,Not Match,https://one.exness-track.com/a/esvbt3nnk6?platform=mobile&pid=mobile_share,Match
https://t.me/c/1889972394,Exness Forex Traders,https://t.me/Exnessforextraders,Exness Forex Traders,,Not Match,Not Match,,Not Match
https://t.me/c/1674330349,Exness Forex Traders,https://t.me/exnesstm,This is just a Channel for providing forex signals and occasional giveaway. I'm not in any way affiliated with exness,,Not Match,Not Match,,Not Match
https://t.me/c/1770215809,Exness Traders,https://t.me/forextraderskerala,Exness Traders,,Not Match,Not Match,https://one.exness-track.com/boarding/sign-up/a/5i4ptotylp,Match
https://t.me/c/2248110766,EXNESS FOREX TRADERS,https://t.me/NO1exnessforextraders,"Stay on our free channel if you're interested in getting amazing signals daily with up to 96% accuracy for freeğŸ˜

Contact me to subscribe or invest 

@exness_traders

This is the dream channel and i hope we help make all your financial dreams come true.","Choose your plan that is suitable for you. You can start earning as little from the following.

BASIC INVESTMENT PLAN
âœ³TRADE $200 EARN $4,000
âœ³TRADE $300 EARN $6,000
âœ³TRADE $500 EARN $10,000
âœ³TRADE $1000 EARN $20,500
Â Â Â Â Â Â Â Â Â Â Â Â Â  ğŸ‘†ğŸ‘†ğŸ‘†
PROFIT IS RECEIVED AFTER 24 HOURS ğŸ’¯

âœ³ï¸âœ³ï¸ PROÂ  INVESTMENT PLAN

âœ³ï¸Invest $2,000 earn $40,000 
âœ³ï¸Invest $3,000 earn $60,000 
âœ³ï¸Invest $4,000 earn $80,000 
âœ³ï¸Invest $5,000 earn $100,000 

Â  ğŸ‘†ğŸ‘†ğŸ‘†
PROFIT IS RECEIVED AFTER 3 DAYS ğŸ’¯


âœ³ï¸âœ³ï¸ âœ³ï¸PREMIUM MEMBRS INVESTMENT PLAN

âœ³ï¸Invest $10,000 earn $200,000
âœ³ï¸Invest $20,000 earn $400,000
âœ³ï¸Invest $50,000 earn $1,000000
Â  ğŸ‘†ğŸ‘†ğŸ‘†
PROFIT IS RECEIVED AFTER 7 DAYS ğŸ’¯

âœ³ï¸ âœ³ï¸âœ³ï¸ âœ³ï¸ GOLD INVESTMENT PLAN 

âš•ï¸1BTC earn 5BTC 
âš•ï¸2BTC earn 10BTC 
âš•ï¸3BTC earn 16BTC 
âš•ï¸4BTC earn 22BTC 
âš•ï¸5BTC earn 30BTC

ğŸ‘†ğŸ‘†ğŸ‘†
PROFIT IS RECEIVED AFTER 10 DAYS ğŸ’¯

INVESTMENT IS AVAILABLE 
THROUGH
ğŸ‘‡ğŸ‘‡ğŸ‘‡ğŸ‘‡
ğŸŒBitcoin
ğŸŒUSDT

START YOUR TRADE TODAY
SEND A MESSAGE TO ADMIN
Â  https://t.me/exness_adminl",Not Match,Not Match,,Not Match
