Keyword,Title,Source,Price,MRP,Discount,Author,Cover Image URL
Adhunik Hindi Vyakaran Aur Rachna,Saral Hindi Vyakaran Aur Rachana,https://www.sapnaonline.com/books/saral-hindi-vyakaran-aur-rachana-vasudevanand-prasad-8177094041-9788177094046,96,,,"Vasudevanand Prasad, Bharati Bhawan P&D",https://cdn01.sapnaonline.com/product_media/9788177094046/sm_9788177094046_300320231113572.jpg
Adhunik Hindi Vyakaran Aur Rachna,Lucents Sampurna Hindi Vyakaran Aur Rachna,https://www.sapnaonline.com/books/sampuran-hindi-vyakaran-aur-rachna-kumar-9384761052-9789384761059,216,,,"Arvind Kumar, Lucent Publication",https://cdn01.sapnaonline.com/product_media/9789384761059/sm_9789384761059_120320221027363.jpg
Adhunik Hindi Vyakaran Aur Rachna,Adhunik Hindi Vyakaran Tatha Rachana Class 9 & 10 Course B : Cbse,https://www.sapnaonline.com/books/adhunik-hindi-vyakaran-ix-x-ashok-batra-8131808262-9788131808269,429,,,"Ashok Batra, Laxmi Publications (P) Ltd",https://cdn01.sapnaonline.com/product_media/9788131808269/sm_9788131808269_240520241102945.jpg
Adhunik Hindi Vyakaran Aur Rachna,Adhunik Hindi Vyakaran Swaroop Evam Prayog : Hindi,https://www.sapnaonline.com/books/adhunik-hindi-vyakaran-swaroop-evam-bharathi-khubalkar-1234102897-5551234102890,248,275,(10% Off),"Bharathi Khubalkar, Sahni Publications",https://cdn01.sapnaonline.com/product_media/5551234102890/sm_5551234102890_110720201102648.jpg
Adhunik Hindi Vyakaran Aur Rachna,Samanya Hindi Vyakaran Aivam Rachna,https://www.sapnaonline.com/books/samanya-hindi-vyakaran-aivam-rachna-hemant-kukrethi-8130910160-9788130910161,225,,,"Hemant Kukrethi, Books Wagon",https://cdn01.sapnaonline.com/product_media/9788130910161/sm_9788130910161.jpg
Adhunik Hindi Vyakaran Aur Rachna,Hindi Vyakaran Evam Racana : Junior Kaksha Ke Liye,https://www.sapnaonline.com/books/hindi-vyakaran-evam-racana-junior-madhu-sharma-9385869469-9789385869464,145,,,"Madhu Sharma, Maanu Graphics",https://cdn01.sapnaonline.com/product_media/9789385869464/sm_9789385869464_220720241239933.jpg
Adhunik Hindi Vyakaran Aur Rachna,Vyavaharik Hindi Aur Rachana,https://www.sapnaonline.com/books/vyavaharik-hindi-aur-rachana-krishan-kumar-8170552877-9788170552871,324,350,(7% Off),"Krishan kumar Goswami, Vani Prakashan",https://cdn01.sapnaonline.com/bk_images/871/9788170552871.jpg
Adhunik Hindi Vyakaran Aur Rachna,Adhunik Hindi Sahitya : Moolyankan Aur Panarmoolyankan,https://www.sapnaonline.com/books/adhunik-hindi-sahitya-moolyankan-aur-javarimall-parakh-8179751627-9788179751626,380,400,(5% Off),"Javarimall Parakh, Anamika Publishers",
Adhunik Hindi Vyakaran Aur Rachna,Adhunik Sahitya Aur Sahityakar (In Hindi),https://www.sapnaonline.com/books/adhunik-sahitya-aur-sahityakar-hindi-ganpati-chandra-812690562x-9788126905621,285,300,(5% Off),"Ganpati Chandra Gupt, Atlantic Publishers and Distributors Pvt Ltd",https://cdn01.sapnaonline.com/bk_images/621/9788126905621.jpg
Adhunik Hindi Vyakaran Aur Rachna,Hindi Vyakaran Evam Rachana : Middle Kaksha Keliye,https://www.sapnaonline.com/books/hindi-vyakaran-evam-rachana-middle-madhu-sharma-9385869477-9789385869471,175,,,"Madhu Sharma, Maanu Graphics",https://cdn01.sapnaonline.com/product_media/9789385869471/sm_9789385869471_210920231656435.jpg
Adhunik Hindi Vyakaran Aur Rachna,Saral Hindi Vyakaran Aur Basha Bodh,https://www.sapnaonline.com/books/saral-hindi-vyaakaran-aur-bhaasha-shailendra-pachouri-8172455240-9788172455248,150,,,"Shailendra Pachori, Goodwill Publishing House",https://cdn01.sapnaonline.com/product_media/9788172455248/sm_9788172455248_130120221122623.jpg
Adhunik Hindi Vyakaran Aur Rachna,Adhunik Hindi tatha Urdu Pad Rachna Ka Tulnatmak Adhyyan,https://www.sapnaonline.com/books/adhunik-hindi-tatha-urdu-pad-dr-anuj-8181293533-9788181293534,513,550,(7% Off),"Dr. Anuj Pratap Singh, Naman Prakashan",
Basic Science for Class 6,Sura Science Class 6,https://www.sapnaonline.com/books/science-year-guide-term-1-sai-geetha-8184497008-9788184497007,270,,,"S Rajan, Sura Publications",https://cdn01.sapnaonline.com/bk_images/007/9788184497007.jpg
Basic Science for Class 6,Class 6 Nso : Olympiad Workbook Science,https://www.sapnaonline.com/books/olympiad-workbook-science-class-6-na-8197776105-9788197776106,140,,,"Na, V&S Publishers",https://cdn01.sapnaonline.com/product_media/9788197776106/sm_9788197776106_161120241244690.jpg
Basic Science for Class 6,Gandhi Clasu,https://www.sapnaonline.com/books/gandhi-clasu-kum-veerabhadrappa-8128012398-9788128012396,293,325,(10% Off),"Kum Veerabhadrappa, Sapna Book House",https://cdn01.sapnaonline.com/product_media/9788128012396/sm_9788128012396.jpg
Basic Science for Class 6,Science Practice Cum  Workbook Class 6,https://www.sapnaonline.com/books/class-6-science-practice-cum-mtg-editorial-9355550723-9789355550729,428,450,(5% Off),"Na, Mtg Learning Media (P) Ltd.,",https://cdn01.sapnaonline.com/product_media/9789355550729/sm_9789355550729_200620241225275.jpg
Basic Science for Class 6,Class 6 Science Olympiad : National Science Olympiad,https://www.sapnaonline.com/books/class-6-science-olympiad-national-shikha-gupta-9357940456-9789357940450,255,295,(14% Off),"Shikha Gupta,Shikha Nautiyal, V&S Publishers",https://cdn01.sapnaonline.com/product_media/9789357940450/sm_9789357940450_141020211030408.jpg
Basic Science for Class 6,Science Class 6 Ncert At Your  Fingertips,https://www.sapnaonline.com/books/ncert-fingertips-science-class-6-mtg-editorial-9355558554-9789355558558,333,350,(5% Off),"Na, Mtg Learning Media (P) Ltd.,",https://cdn01.sapnaonline.com/product_media/9789355558558/sm_9789355558558_250920231158263.jpg
Basic Science for Class 6,Class 6 Science Iit Foundation & Olympiad Explorer,https://www.sapnaonline.com/books/class-6-science-iit-foundation-na-8190728571-9788190728577,300,,,"Na, Brain Mapping Academy",https://cdn01.sapnaonline.com/bk_images/577/9788190728577.jpg
Basic Science for Class 6,Pearson Iit Foundation Science Class 6 : 2024,https://www.sapnaonline.com/books/pearson-iit-foundation-science-class-trishna-811984761x-9788119847617,521,620,(16% Off),"Trishna, Pearson Education Limited",https://cdn01.sapnaonline.com/product_media/9788119847617/sm_9788119847617_210220241127631.jpg
Basic Science for Class 6,My Science Companion Class 6,https://www.sapnaonline.com/books/science-companion-class-6-bidhu-bhushan-8190687832-9788190687836,225,,,"Bidhu Bhushan Palo,S Sahu, Unified Council",https://cdn01.sapnaonline.com/product_media/9788190687836/sm_9788190687836_070820201108926.jpg
Basic Science for Class 6,Computer Scinece & Informatics Practices With Python For Cbse Class 12,https://www.sapnaonline.com/books/computer-scinece-informatics-practices-python-ashwin-l-935213852x-9789352138524,475,,,"Ashwin L Mehta, Shroff Publishers & Distributors",https://cdn01.sapnaonline.com/product_media/9789352138524/sm_9789352138524_020120211047098.jpg
Basic Science for Class 6,Class 6 Science Solutions Iit Foundation & Olympiad Explorer,https://www.sapnaonline.com/books/class-6-science-solutions-iit-na-9380299311-9789380299310,125,,,"Na, Brain Mapping Academy",https://cdn01.sapnaonline.com/bk_images/310/9789380299310.jpg
Basic Science for Class 6,Class 6  Science : Talent & Olympiad Exams Resource Book,https://www.sapnaonline.com/books/class-6-science-talent-olympiad-na-9382058605-9789382058601,200,,,"Na, Brain Mapping Academy",https://cdn01.sapnaonline.com/product_media/9789382058601/sm_9789382058601_190920201018207.jpg
Basic Science for Class 7,758 Science Class 7,https://www.sapnaonline.com/books/758-science-class-7-1234107317-5551234107318,65,,,"Na, National Council Of Educational",
Basic Science for Class 7,Inspired Science : Physics Class 7,https://www.sapnaonline.com/books/inspired-science-physics-class-7-na-9352877012-9789352877010,527,,,"Na, Orient Blackswan Private Limited",
Basic Science for Class 7,Class 7 Science Olympiad : National Science Olympiad,https://www.sapnaonline.com/books/class-7-science-olympiad-national-preeti-agarwal-9357940464-9789357940467,255,295,(14% Off),"Preeti Agarwal, V&S Publishers",https://cdn01.sapnaonline.com/product_media/9789357940467/sm_9789357940467_031120201425886.jpg
Basic Science for Class 7,Class 7 Nso : Olympiad Workbook Science,https://www.sapnaonline.com/books/olympiad-workbook-science-class-7-na-819777613x-9788197776137,140,,,"Na, V&S Publishers",https://cdn01.sapnaonline.com/product_media/9788197776137/sm_9788197776137_161120241244109.jpg
Basic Science for Class 7,Science Practice Cum  Workbook Class 7,https://www.sapnaonline.com/books/class-7-science-practice-cum-mtg-editorial-9355550782-9789355550781,428,450,(5% Off),"Na, Mtg Learning Media (P) Ltd.,",https://cdn01.sapnaonline.com/product_media/9789355550781/sm_9789355550781_200620241225115.jpg
Basic Science for Class 7,Gandhi Clasu,https://www.sapnaonline.com/books/gandhi-clasu-kum-veerabhadrappa-8128012398-9788128012396,293,325,(10% Off),"Kum Veerabhadrappa, Sapna Book House",https://cdn01.sapnaonline.com/product_media/9788128012396/sm_9788128012396.jpg
Basic Science for Class 7,One For All Workbook Class 7 Science,https://www.sapnaonline.com/books/oswaal-ncert-cbse-workbook-science-oswaal-editorial-9359583278-9789359583273,309,399,(23% Off),"Na, Oswal Book Agencies",https://cdn01.sapnaonline.com/product_media/9789359583273/sm_9789359583273_100420241328891.jpg
Basic Science for Class 7,Science Class 7 Ncert At Your Fingertips,https://www.sapnaonline.com/books/ncert-fingertips-science-class-7-mtg-editorial-9355558503-9789355558503,425,,,"Na, Mtg Learning Media (P) Ltd.,",https://cdn01.sapnaonline.com/product_media/9789355558503/sm_9789355558503_250920231157059.jpg
Basic Science for Class 7,Golden Science Class  7 : Cbse,https://www.sapnaonline.com/books/golden-science-class-7-cbse-nk-sharma-8122421156-9788122421156,241,299,(19% Off),"Nk Sharma,S Gupta, New Age International (P) Ltd",https://cdn01.sapnaonline.com/product_media/9788122421156/sm_9788122421156_270420241418311.jpg
Basic Science for Class 7,Class 7 Science Iit Foundation & Olympiad Explorer,https://www.sapnaonline.com/books/class-7-science-iit-foundation-na-938029932x-9789380299327,300,,,"Na, Brain Mapping Academy",https://cdn01.sapnaonline.com/bk_images/327/9789380299327.jpg
Basic Science for Class 7,IIT Foundation: Science Solutions (Class 7),https://www.sapnaonline.com/books/foundation-science-solutions-brain-mapping-9380299001-9789380299006,125,,,"Brain Mapping Academy,  Brain Mapping Academy",https://cdn01.sapnaonline.com/bk_images/006/9789380299006.jpg
Basic Science for Class 7,Golden Social Science Class 7 : Cbse,https://www.sapnaonline.com/books/golden-social-science-sample-papers-8122449530-9788122449532,297,375,(21% Off),"S Gupta,Pragya Chaturvedi, New Age International (P) Ltd",https://cdn01.sapnaonline.com/product_media/9788122449532/sm_9788122449532_270420241419051.jpg
Basic Science for Class 8,Class 8 Science Olympiad : National Science Olympiad,https://www.sapnaonline.com/books/class-8-science-olympiad-national-preeti-agarwal-9357940472-9789357940474,259,295,(12% Off),"Preeti Agarwal, V&S Publishers",https://cdn01.sapnaonline.com/product_media/9789357940474/sm_9789357940474_141020211030597.jpg
Basic Science for Class 8,Class 8 Nso : Olympiad Workbook Science,https://www.sapnaonline.com/books/olympiad-workbook-science-class-8-na-8197776172-9788197776175,140,,,"Na, V&S Publishers",https://cdn01.sapnaonline.com/product_media/9788197776175/sm_9788197776175_161120241245287.jpg
Basic Science for Class 8,Science Practice Cum  Workbook Class 8,https://www.sapnaonline.com/books/class-8-science-practice-cum-mtg-editorial-9355550855-9789355550859,428,450,(5% Off),"Na, Mtg Learning Media (P) Ltd.,",https://cdn01.sapnaonline.com/product_media/9789355550859/sm_9789355550859_200620241226407.jpg
Basic Science for Class 8,One For All Workbook Class  8 Science,https://www.sapnaonline.com/books/ncert-cbase-workbook-class-8-na-9359588342-9789359588346,309,399,(23% Off),"Na, Oswal Book Agencies",
Basic Science for Class 8,Gandhi Clasu,https://www.sapnaonline.com/books/gandhi-clasu-kum-veerabhadrappa-8128012398-9788128012396,293,325,(10% Off),"Kum Veerabhadrappa, Sapna Book House",https://cdn01.sapnaonline.com/product_media/9788128012396/sm_9788128012396.jpg
Basic Science for Class 8,Science Class 8 Ncert At Your Fingertips,https://www.sapnaonline.com/books/ncert-fingertips-science-class-8-mtg-editorial-9355558473-9789355558473,425,,,"Na, Mtg Learning Media (P) Ltd.,",https://cdn01.sapnaonline.com/product_media/9789355558473/sm_9789355558473_250920231157359.jpg
Basic Science for Class 8,Golden Science Class 8 : Cbse,https://www.sapnaonline.com/books/science-sample-papers-class-8-s-gupta-8122449956-9788122449952,267,325,(18% Off),"S Gupta,Nk Sharma, New Age International (P) Ltd",https://cdn01.sapnaonline.com/product_media/9788122449952/sm_9788122449952_270420241419467.jpg
Basic Science for Class 8,854 Science Text Book For Class 8 - Ncert,https://www.sapnaonline.com/books/854-science-text-book-class-8174508120-9788174508126,65,,,"Na, National Council Of Educational",
Basic Science for Class 8,Golden Social Science Class 8 : Cbse,https://www.sapnaonline.com/books/social-science-sample-papers-class-8122449549-9788122449549,307,395,(22% Off),"S Gupta,Pragya Chaturvedi, New Age International (P) Ltd",https://cdn01.sapnaonline.com/product_media/9788122449549/sm_9788122449549_270420241419815.jpg
Basic Science for Class 8,Class 8 Science : Talent & Olympiad Exams Resource Book,https://www.sapnaonline.com/books/class-8-science-talent-olympiad-na-9382058621-9789382058625,200,,,"Na, Brain Mapping Academy",https://cdn01.sapnaonline.com/product_media/9789382058625/sm_9789382058625_190920201018834.jpg
Basic Science for Class 8,Computer Scinece & Informatics Practices With Python For Cbse Class 12,https://www.sapnaonline.com/books/computer-scinece-informatics-practices-python-ashwin-l-935213852x-9789352138524,475,,,"Ashwin L Mehta, Shroff Publishers & Distributors",https://cdn01.sapnaonline.com/product_media/9789352138524/sm_9789352138524_020120211047098.jpg
Basic Science for Class 8,Ncert Textbook Exemplar Problems Solutions Science Class 8,https://www.sapnaonline.com/books/ncert-textbook-exemplar-problem-solutions-mtg-editorial-9355557884-9789355557889,150,,,"Na, Mtg Learning Media (P) Ltd.,",https://cdn01.sapnaonline.com/product_media/9789355557889/sm_9789355557889_130720231404311.jpg
Foundation Science: Physics for Class 9,Pearson Iit Foundation Physics Class 9 : 2024,https://www.sapnaonline.com/books/pearson-iit-foundation-physics-class-trishna-811984713x-9788119847136,567,689,(18% Off),"Trishna, Pearson Education Limited",https://cdn01.sapnaonline.com/product_media/9788119847136/sm_9788119847136_210220241126063.jpg
Foundation Science: Physics for Class 9,Class 9 Physics Iit Foundation & Olympiad Explorer,https://www.sapnaonline.com/books/class-9-physics-iit-foundation-lakshmi-evss-9380299214-9789380299211,400,,,"Lakshmi Evss, Brain Mapping Academy",https://cdn01.sapnaonline.com/bk_images/211/9789380299211.jpg
Foundation Science: Physics for Class 9,Foundation Science Physics Class 10 : Cbse,https://www.sapnaonline.com/books/foundation-science-physics-class-10-hc-verma-9350270064-9789350270066,271,285,(5% Off),"Hc Verma, Bharati Bhawan P&D",https://cdn01.sapnaonline.com/product_media/9789350270066/sm_9789350270066_080520241031379.jpg
Foundation Science: Physics for Class 9,Ultimate Foundation For Jee & Neet Physics Class 9,https://www.sapnaonline.com/books/ultimate-foundation-jee-neet-physics-na-9355733712-9789355733719,546,575,(5% Off),"Na, Cengage Learning India Pvt Ltd",https://cdn01.sapnaonline.com/product_media/9789355733719/sm_9789355733719_230420221055881.jpg
Foundation Science: Physics for Class 9,Class 9 Physics Solutions Iit Foundation & Olympiad Explorer,https://www.sapnaonline.com/books/class-9-physics-solutions-iit-na-9380299346-9789380299341,125,,,"Na, Brain Mapping Academy",https://cdn01.sapnaonline.com/bk_images/341/9789380299341.jpg
Foundation Science: Physics for Class 9,Foundation Science Chemistry Class 9 : Cbse,https://www.sapnaonline.com/books/foundation-science-chemistry-class-9-ak-singh-9350270048-9789350270042,295,310,(5% Off),"Ak Singh, Bharati Bhawan P&D",https://cdn01.sapnaonline.com/product_media/9789350270042/sm_9789350270042_080520241031507.jpg
Foundation Science: Physics for Class 9,Physics Class 9 :  Cengage Foundation Series For Jee & Neet,https://www.sapnaonline.com/books/cengage-foundation-series-jee-neet-base-935350001x-9789353500016,428,450,(5% Off),"Na, Cengage Learning India Pvt Ltd",https://cdn01.sapnaonline.com/product_media/9789353500016/sm_9789353500016.jpg
Foundation Science: Physics for Class 9,Foundation Science Biology Class 9 : Cbse,https://www.sapnaonline.com/books/foundation-science-biology-class-9-nk-mishra-9350270056-9789350270059,165,,,"Nk Mishra,Lc Saha, Bharati Bhawan P&D",https://cdn01.sapnaonline.com/bk_images/059/9789350270059.jpg
Foundation Science: Physics for Class 9,Foundation Course Physics Class 9 : Neet Jee Boards Cuet Kvpy Nso,https://www.sapnaonline.com/books/mtg-foundation-course-class-9-mtg-editorial-936023236x-9789360232368,444,500,(11% Off),"Na, Mtg Learning Media (P) Ltd.,",https://cdn01.sapnaonline.com/product_media/9789360232368/sm_9789360232368_310120251146462.jpg
Foundation Science: Physics for Class 9,Physics Science Class 9 Part 1 : Cbse,https://www.sapnaonline.com/books/physics-science-class-9-1-lakshmi-sinha-9364688082-9789364688086,575,,,"Manjit Kaur,Lakhmir Singh, S Chand & Company Pvt Ltd - Se",
Foundation Science: Physics for Class 9,Foundation Course Physics Class 9 : Neet Jee Boards Cuet Ntse Kvpy Nso,https://www.sapnaonline.com/books/mtg-foundation-course-class-9-mtg-editorial-936023186x-9789360231866,451,475,(5% Off),"Na, Mtg Learning Media (P) Ltd.,",https://cdn01.sapnaonline.com/product_media/9789360231866/sm_9789360231866_210220241130483.jpg
Foundation Science: Physics for Class 9,Pearson Foundation Biology Class 9 : 2024,https://www.sapnaonline.com/books/pearson-foundation-biology-class-9-trishna-8119847598-9788119847594,482,559,(14% Off),"Trishna, Pearson Education Limited",https://cdn01.sapnaonline.com/product_media/9788119847594/sm_9788119847594_210220241127503.jpg
Foundation Science: Physics for Class 10,Foundation Science Physics Class 10 : Cbse,https://www.sapnaonline.com/books/foundation-science-physics-class-10-hc-verma-9350270064-9789350270066,271,285,(5% Off),"Hc Verma, Bharati Bhawan P&D",https://cdn01.sapnaonline.com/product_media/9789350270066/sm_9789350270066_080520241031379.jpg
Foundation Science: Physics for Class 10,Pearson Iit Foundation Physics Class 10 : 2024,https://www.sapnaonline.com/books/pearson-iit-foundation-physics-class-trishna-8119847407-9788119847402,600,740,(19% Off),"Trishna, Pearson Education Limited",https://cdn01.sapnaonline.com/product_media/9788119847402/sm_9788119847402_210220241127175.jpg
Foundation Science: Physics for Class 10,Class 10 Physics Iit Foundation & Olympiad Explorer,https://www.sapnaonline.com/books/class-10-physics-iit-foundation-lakshmi-evss-938029901x-9789380299013,400,,,"Lakshmi Evss, Brain Mapping Academy",https://cdn01.sapnaonline.com/bk_images/013/9789380299013.jpg
Foundation Science: Physics for Class 10,Class 10 Physics Solutions Iit Foundation & Olympiad Explorer,https://www.sapnaonline.com/books/class-10-physics-solutions-iit-na-9380299354-9789380299358,125,,,"Na, Brain Mapping Academy",https://cdn01.sapnaonline.com/bk_images/358/9789380299358.jpg
Foundation Science: Physics for Class 10,Foundation Science Chemistry Class 10 : Cbse,https://www.sapnaonline.com/books/foundation-science-chemistry-class-10-ak-singh-935027020x-9789350270202,437,460,(5% Off),"Ak Singh, Bharati Bhawan P&D",https://cdn01.sapnaonline.com/product_media/9789350270202/sm_9789350270202_240320231024839.jpg
Foundation Science: Physics for Class 10,Physics Class 10 : Cengage Foundation Series For Jee & Neet,https://www.sapnaonline.com/books/cengage-foundation-series-jee-neet-base-9353500028-9789353500023,428,450,(5% Off),"Na, Cengage Learning India Pvt Ltd",https://cdn01.sapnaonline.com/product_media/9789353500023/sm_9789353500023.jpg
Foundation Science: Physics for Class 10,Super Easy Science Physics Class 10 : Cbse,https://www.sapnaonline.com/books/super-easy-science-physics-class-marshal-tito-938795952x-9789387959521,430,,,"Marshal Tito, S Dinesh & Co",
Foundation Science: Physics for Class 10,Foundation Course Physics Class 10 : Neet Jee Boards Cuet Kvpy Nso,https://www.sapnaonline.com/books/mtg-foundation-course-class-10-mtg-editorial-9360236837-9789360236830,357,400,(11% Off),"Na, Mtg Learning Media (P) Ltd.,",https://cdn01.sapnaonline.com/product_media/9789360236830/sm_9789360236830_310120251147676.jpg
Foundation Science: Physics for Class 10,Physics Science Class 10 Part 1 : Cbse,https://www.sapnaonline.com/books/physics-science-class-10-1-lakhmir-singh-9364687906-9789364687904,599,,,"Lakhmir Singh,Manjit Kaur, S Chand & Company Pvt Ltd - Se",
Foundation Science: Physics for Class 10,Foundation Course Physics Class 10 : Neet Jee Boards Cuet Ntse Kvpy Nso,https://www.sapnaonline.com/books/mtg-foundation-course-class-10-mtg-editorial-9360232661-9789360232665,356,375,(5% Off),"Na, Mtg Learning Media (P) Ltd.,",https://cdn01.sapnaonline.com/product_media/9789360232665/sm_9789360232665_210220241130155.jpg
Foundation Science: Physics for Class 10,Foundation Mathematics Class 10 : Icse,https://www.sapnaonline.com/books/foundation-mathematics-class-10-icse-na-9357267522-9789357267526,625,,,"Na, Goyal Brothers Prakashan",
Foundation Science: Physics for Class 10,Pearson Foundation Biology Class 10 : 2024,https://www.sapnaonline.com/books/pearson-foundation-biology-class-10-trishna-8119847806-9788119847808,655,825,(21% Off),"Trishna, Pearson Education Limited",
Adhunik Hindi Vyakaran Aur Rachna,Saral Hindi Vyakaran Aur Rachana,https://www.sapnaonline.com/books/saral-hindi-vyakaran-aur-rachana-vasudevanand-prasad-8177094041-9788177094046,96,,,"Vasudevanand Prasad, Bharati Bhawan P&D",https://cdn01.sapnaonline.com/product_media/9788177094046/sm_9788177094046_300320231113572.jpg
Adhunik Hindi Vyakaran Aur Rachna,Lucents Sampurna Hindi Vyakaran Aur Rachna,https://www.sapnaonline.com/books/sampuran-hindi-vyakaran-aur-rachna-kumar-9384761052-9789384761059,216,,,"Arvind Kumar, Lucent Publication",https://cdn01.sapnaonline.com/product_media/9789384761059/sm_9789384761059_120320221027363.jpg
Adhunik Hindi Vyakaran Aur Rachna,Adhunik Hindi Vyakaran Tatha Rachana Class 9 & 10 Course B : Cbse,https://www.sapnaonline.com/books/adhunik-hindi-vyakaran-ix-x-ashok-batra-8131808262-9788131808269,429,,,"Ashok Batra, Laxmi Publications (P) Ltd",https://cdn01.sapnaonline.com/product_media/9788131808269/sm_9788131808269_240520241102945.jpg
Adhunik Hindi Vyakaran Aur Rachna,Adhunik Hindi Vyakaran Swaroop Evam Prayog : Hindi,https://www.sapnaonline.com/books/adhunik-hindi-vyakaran-swaroop-evam-bharathi-khubalkar-1234102897-5551234102890,248,275,(10% Off),"Bharathi Khubalkar, Sahni Publications",https://cdn01.sapnaonline.com/product_media/5551234102890/sm_5551234102890_110720201102648.jpg
Adhunik Hindi Vyakaran Aur Rachna,Samanya Hindi Vyakaran Aivam Rachna,https://www.sapnaonline.com/books/samanya-hindi-vyakaran-aivam-rachna-hemant-kukrethi-8130910160-9788130910161,225,,,"Hemant Kukrethi, Books Wagon",https://cdn01.sapnaonline.com/product_media/9788130910161/sm_9788130910161.jpg
Adhunik Hindi Vyakaran Aur Rachna,Hindi Vyakaran Evam Racana : Junior Kaksha Ke Liye,https://www.sapnaonline.com/books/hindi-vyakaran-evam-racana-junior-madhu-sharma-9385869469-9789385869464,145,,,"Madhu Sharma, Maanu Graphics",https://cdn01.sapnaonline.com/product_media/9789385869464/sm_9789385869464_220720241239933.jpg
Adhunik Hindi Vyakaran Aur Rachna,Vyavaharik Hindi Aur Rachana,https://www.sapnaonline.com/books/vyavaharik-hindi-aur-rachana-krishan-kumar-8170552877-9788170552871,324,350,(7% Off),"Krishan kumar Goswami, Vani Prakashan",https://cdn01.sapnaonline.com/bk_images/871/9788170552871.jpg
Adhunik Hindi Vyakaran Aur Rachna,Adhunik Hindi Sahitya : Moolyankan Aur Panarmoolyankan,https://www.sapnaonline.com/books/adhunik-hindi-sahitya-moolyankan-aur-javarimall-parakh-8179751627-9788179751626,380,400,(5% Off),"Javarimall Parakh, Anamika Publishers",
Adhunik Hindi Vyakaran Aur Rachna,Adhunik Sahitya Aur Sahityakar (In Hindi),https://www.sapnaonline.com/books/adhunik-sahitya-aur-sahityakar-hindi-ganpati-chandra-812690562x-9788126905621,285,300,(5% Off),"Ganpati Chandra Gupt, Atlantic Publishers and Distributors Pvt Ltd",https://cdn01.sapnaonline.com/bk_images/621/9788126905621.jpg
Adhunik Hindi Vyakaran Aur Rachna,Hindi Vyakaran Evam Rachana : Middle Kaksha Keliye,https://www.sapnaonline.com/books/hindi-vyakaran-evam-rachana-middle-madhu-sharma-9385869477-9789385869471,175,,,"Madhu Sharma, Maanu Graphics",https://cdn01.sapnaonline.com/product_media/9789385869471/sm_9789385869471_210920231656435.jpg
Adhunik Hindi Vyakaran Aur Rachna,Saral Hindi Vyakaran Aur Basha Bodh,https://www.sapnaonline.com/books/saral-hindi-vyaakaran-aur-bhaasha-shailendra-pachouri-8172455240-9788172455248,150,,,"Shailendra Pachori, Goodwill Publishing House",https://cdn01.sapnaonline.com/product_media/9788172455248/sm_9788172455248_130120221122623.jpg
Adhunik Hindi Vyakaran Aur Rachna,Adhunik Hindi tatha Urdu Pad Rachna Ka Tulnatmak Adhyyan,https://www.sapnaonline.com/books/adhunik-hindi-tatha-urdu-pad-dr-anuj-8181293533-9788181293534,513,550,(7% Off),"Dr. Anuj Pratap Singh, Naman Prakashan",
Basic Science for Class 6,Sura Science Class 6,https://www.sapnaonline.com/books/science-year-guide-term-1-sai-geetha-8184497008-9788184497007,270,,,"S Rajan, Sura Publications",https://cdn01.sapnaonline.com/bk_images/007/9788184497007.jpg
Basic Science for Class 6,Class 6 Nso : Olympiad Workbook Science,https://www.sapnaonline.com/books/olympiad-workbook-science-class-6-na-8197776105-9788197776106,140,,,"Na, V&S Publishers",https://cdn01.sapnaonline.com/product_media/9788197776106/sm_9788197776106_161120241244690.jpg
Basic Science for Class 6,Gandhi Clasu,https://www.sapnaonline.com/books/gandhi-clasu-kum-veerabhadrappa-8128012398-9788128012396,293,325,(10% Off),"Kum Veerabhadrappa, Sapna Book House",https://cdn01.sapnaonline.com/product_media/9788128012396/sm_9788128012396.jpg
Basic Science for Class 6,Science Practice Cum  Workbook Class 6,https://www.sapnaonline.com/books/class-6-science-practice-cum-mtg-editorial-9355550723-9789355550729,428,450,(5% Off),"Na, Mtg Learning Media (P) Ltd.,",https://cdn01.sapnaonline.com/product_media/9789355550729/sm_9789355550729_200620241225275.jpg
Basic Science for Class 6,Class 6 Science Olympiad : National Science Olympiad,https://www.sapnaonline.com/books/class-6-science-olympiad-national-shikha-gupta-9357940456-9789357940450,255,295,(14% Off),"Shikha Gupta,Shikha Nautiyal, V&S Publishers",https://cdn01.sapnaonline.com/product_media/9789357940450/sm_9789357940450_141020211030408.jpg
Basic Science for Class 6,Science Class 6 Ncert At Your  Fingertips,https://www.sapnaonline.com/books/ncert-fingertips-science-class-6-mtg-editorial-9355558554-9789355558558,333,350,(5% Off),"Na, Mtg Learning Media (P) Ltd.,",https://cdn01.sapnaonline.com/product_media/9789355558558/sm_9789355558558_250920231158263.jpg
Basic Science for Class 6,Class 6 Science Iit Foundation & Olympiad Explorer,https://www.sapnaonline.com/books/class-6-science-iit-foundation-na-8190728571-9788190728577,300,,,"Na, Brain Mapping Academy",https://cdn01.sapnaonline.com/bk_images/577/9788190728577.jpg
Basic Science for Class 6,Pearson Iit Foundation Science Class 6 : 2024,https://www.sapnaonline.com/books/pearson-iit-foundation-science-class-trishna-811984761x-9788119847617,521,620,(16% Off),"Trishna, Pearson Education Limited",https://cdn01.sapnaonline.com/product_media/9788119847617/sm_9788119847617_210220241127631.jpg
Basic Science for Class 6,My Science Companion Class 6,https://www.sapnaonline.com/books/science-companion-class-6-bidhu-bhushan-8190687832-9788190687836,225,,,"Bidhu Bhushan Palo,S Sahu, Unified Council",https://cdn01.sapnaonline.com/product_media/9788190687836/sm_9788190687836_070820201108926.jpg
Basic Science for Class 6,Computer Scinece & Informatics Practices With Python For Cbse Class 12,https://www.sapnaonline.com/books/computer-scinece-informatics-practices-python-ashwin-l-935213852x-9789352138524,475,,,"Ashwin L Mehta, Shroff Publishers & Distributors",https://cdn01.sapnaonline.com/product_media/9789352138524/sm_9789352138524_020120211047098.jpg
Basic Science for Class 6,Class 6 Science Solutions Iit Foundation & Olympiad Explorer,https://www.sapnaonline.com/books/class-6-science-solutions-iit-na-9380299311-9789380299310,125,,,"Na, Brain Mapping Academy",https://cdn01.sapnaonline.com/bk_images/310/9789380299310.jpg
Basic Science for Class 6,Class 6  Science : Talent & Olympiad Exams Resource Book,https://www.sapnaonline.com/books/class-6-science-talent-olympiad-na-9382058605-9789382058601,200,,,"Na, Brain Mapping Academy",https://cdn01.sapnaonline.com/product_media/9789382058601/sm_9789382058601_190920201018207.jpg
Adhunik Hindi Vyakaran Aur Rachna,Saral Hindi Vyakaran Aur Rachana,https://www.sapnaonline.com/books/saral-hindi-vyakaran-aur-rachana-vasudevanand-prasad-8177094041-9788177094046,96,,,"Vasudevanand Prasad, Bharati Bhawan P&D",https://cdn01.sapnaonline.com/product_media/9788177094046/sm_9788177094046_300320231113572.jpg
Adhunik Hindi Vyakaran Aur Rachna,Lucents Sampurna Hindi Vyakaran Aur Rachna,https://www.sapnaonline.com/books/sampuran-hindi-vyakaran-aur-rachna-kumar-9384761052-9789384761059,216,,,"Arvind Kumar, Lucent Publication",https://cdn01.sapnaonline.com/product_media/9789384761059/sm_9789384761059_120320221027363.jpg
Adhunik Hindi Vyakaran Aur Rachna,Adhunik Hindi Vyakaran Tatha Rachana Class 9 & 10 Course B : Cbse,https://www.sapnaonline.com/books/adhunik-hindi-vyakaran-ix-x-ashok-batra-8131808262-9788131808269,429,,,"Ashok Batra, Laxmi Publications (P) Ltd",https://cdn01.sapnaonline.com/product_media/9788131808269/sm_9788131808269_240520241102945.jpg
Adhunik Hindi Vyakaran Aur Rachna,Adhunik Hindi Vyakaran Swaroop Evam Prayog : Hindi,https://www.sapnaonline.com/books/adhunik-hindi-vyakaran-swaroop-evam-bharathi-khubalkar-1234102897-5551234102890,248,275,(10% Off),"Bharathi Khubalkar, Sahni Publications",https://cdn01.sapnaonline.com/product_media/5551234102890/sm_5551234102890_110720201102648.jpg
Adhunik Hindi Vyakaran Aur Rachna,Samanya Hindi Vyakaran Aivam Rachna,https://www.sapnaonline.com/books/samanya-hindi-vyakaran-aivam-rachna-hemant-kukrethi-8130910160-9788130910161,225,,,"Hemant Kukrethi, Books Wagon",https://cdn01.sapnaonline.com/product_media/9788130910161/sm_9788130910161.jpg
Adhunik Hindi Vyakaran Aur Rachna,Hindi Vyakaran Evam Racana : Junior Kaksha Ke Liye,https://www.sapnaonline.com/books/hindi-vyakaran-evam-racana-junior-madhu-sharma-9385869469-9789385869464,145,,,"Madhu Sharma, Maanu Graphics",https://cdn01.sapnaonline.com/product_media/9789385869464/sm_9789385869464_220720241239933.jpg
Adhunik Hindi Vyakaran Aur Rachna,Vyavaharik Hindi Aur Rachana,https://www.sapnaonline.com/books/vyavaharik-hindi-aur-rachana-krishan-kumar-8170552877-9788170552871,324,350,(7% Off),"Krishan kumar Goswami, Vani Prakashan",https://cdn01.sapnaonline.com/bk_images/871/9788170552871.jpg
Adhunik Hindi Vyakaran Aur Rachna,Adhunik Hindi Sahitya : Moolyankan Aur Panarmoolyankan,https://www.sapnaonline.com/books/adhunik-hindi-sahitya-moolyankan-aur-javarimall-parakh-8179751627-9788179751626,380,400,(5% Off),"Javarimall Parakh, Anamika Publishers",
Adhunik Hindi Vyakaran Aur Rachna,Adhunik Sahitya Aur Sahityakar (In Hindi),https://www.sapnaonline.com/books/adhunik-sahitya-aur-sahityakar-hindi-ganpati-chandra-812690562x-9788126905621,285,300,(5% Off),"Ganpati Chandra Gupt, Atlantic Publishers and Distributors Pvt Ltd",https://cdn01.sapnaonline.com/bk_images/621/9788126905621.jpg
Adhunik Hindi Vyakaran Aur Rachna,Hindi Vyakaran Evam Rachana : Middle Kaksha Keliye,https://www.sapnaonline.com/books/hindi-vyakaran-evam-rachana-middle-madhu-sharma-9385869477-9789385869471,175,,,"Madhu Sharma, Maanu Graphics",https://cdn01.sapnaonline.com/product_media/9789385869471/sm_9789385869471_210920231656435.jpg
Adhunik Hindi Vyakaran Aur Rachna,Saral Hindi Vyakaran Aur Basha Bodh,https://www.sapnaonline.com/books/saral-hindi-vyaakaran-aur-bhaasha-shailendra-pachouri-8172455240-9788172455248,150,,,"Shailendra Pachori, Goodwill Publishing House",https://cdn01.sapnaonline.com/product_media/9788172455248/sm_9788172455248_130120221122623.jpg
Adhunik Hindi Vyakaran Aur Rachna,Adhunik Hindi tatha Urdu Pad Rachna Ka Tulnatmak Adhyyan,https://www.sapnaonline.com/books/adhunik-hindi-tatha-urdu-pad-dr-anuj-8181293533-9788181293534,513,550,(7% Off),"Dr. Anuj Pratap Singh, Naman Prakashan",
Adhunik Hindi Vyakaran Aur Rachna,Maurishas Me Hindi Aur Rajendra Aruna Ka Rachna Karya,https://www.sapnaonline.com/books/maurishas-hindi-aur-rajendra-aruna-sant-lal-8176781843-9788176781848,380,400,(5% Off),"Sant Lal, Hindi Book Centre",
Adhunik Hindi Vyakaran Aur Rachna,Rachna Aur Alochna,https://www.sapnaonline.com/books/rachna-aur-alochna-devishankar-awasthi-8170554047-9788170554042,545,595,(8% Off),"Devishankar Awasthi, Vani Prakashan",https://cdn01.sapnaonline.com/bk_images/042/9788170554042.jpg
Adhunik Hindi Vyakaran Aur Rachna,Hindi Vyakaran,https://www.sapnaonline.com/books/hindi-vyakaran-prameelamma-1234116448-5551234116441,60,,,"Prameelamma, Sunstar Publisher",https://cdn01.sapnaonline.com/product_media/5551234116441/sm_5551234116441_120920241057824.jpg
Adhunik Hindi Vyakaran Aur Rachna,Madhykaleen Aur Adhunik Kavya,https://www.sapnaonline.com/books/madhykaleen-aur-adhunik-kavya-anil-singh-9389373417-9789389373417,50,,,"Anil Singh, Rajpal & Sons",
Adhunik Hindi Vyakaran Aur Rachna,Hindi Vyakaran,https://www.sapnaonline.com/books/hindi-vyakaran-kamta-prasad-9386871599-9789386871596,647,800,(19% Off),"Kamtaprasad Guru, Lokbharti Prakashan",https://cdn01.sapnaonline.com/product_media/9789386871596/sm_9789386871596.jpg
Adhunik Hindi Vyakaran Aur Rachna,Rachana Aur Rajniti,https://www.sapnaonline.com/books/rachana-aur-rajniti-prem-shankar-8190643665-9788190643665,150,,,"Prem Shankar, Vani Prakashan",https://cdn01.sapnaonline.com/bk_images/665/9788190643665.jpg
Adhunik Hindi Vyakaran Aur Rachna,Hindi Vyakaran,https://www.sapnaonline.com/books/hindi-vyakaran-umesh-chandra-9350001519-9789350001516,238,250,(5% Off),"Umesh Chandra Shukla, Vani Prakashan",
Adhunik Hindi Vyakaran Aur Rachna,Hindi Vyakaran,https://www.sapnaonline.com/books/hindi-vyakaran-kamta-prasad-9352668758-9789352668755,515,600,(14% Off),"Kamta Prasad Guru, Prabhat Prakashan",
Adhunik Hindi Vyakaran Aur Rachna,Racana ke sarokara (Hindi Edition),https://www.sapnaonline.com/books/racana-ke-sarokara-hindi-edition-vishwanath-prasad-8170551056-9788170551058,452,495,(9% Off),"Vishwanath Prasad Tewari, Vani Prakasana",https://cdn01.sapnaonline.com/bk_images/058/9788170551058.jpg
Adhunik Hindi Vyakaran Aur Rachna,Adhunikta: Samvedana Aur Sampreshan,https://www.sapnaonline.com/books/adhunikta-samvedana-aur-sampreshan-s-h-9350004658-9789350004654,452,495,(9% Off),"S.H.Vatsyayan, Krishnadutt Paliwal, Vani Prakashan",https://cdn01.sapnaonline.com/bk_images/654/9789350004654.jpg
Adhunik Hindi Vyakaran Aur Rachna,Rachna Alochna aur Patrekarita,https://www.sapnaonline.com/books/rachna-alochna-aur-patrekarita-dr-ganesh-8181292855-9788181292858,324,350,(7% Off),"Dr. Ganesh Pandey, Naman Prakashan",
Adhunik Hindi Vyakaran Aur Rachna,Adhunik Hindi Sahitya: Vividhayaam,https://www.sapnaonline.com/books/adhunik-hindi-sahitya-vividhayaam-v-k-9350009390-9789350009390,238,250,(5% Off),"V.K.Abdul Jaleel, Vani Prakashan",https://cdn01.sapnaonline.com/product_media/9789350009390/sm_9789350009390.jpg
Adhunik Hindi Vyakaran Aur Rachna,Saral Hindi Vyakaran Aur Rachana,https://www.sapnaonline.com/books/saral-hindi-vyakaran-aur-rachana-vasudevanand-prasad-8177094041-9788177094046,96,,,"Vasudevanand Prasad, Bharati Bhawan P&D",https://cdn01.sapnaonline.com/product_media/9788177094046/sm_9788177094046_300320231113572.jpg
Adhunik Hindi Vyakaran Aur Rachna,Lucents Sampurna Hindi Vyakaran Aur Rachna,https://www.sapnaonline.com/books/sampuran-hindi-vyakaran-aur-rachna-kumar-9384761052-9789384761059,216,,,"Arvind Kumar, Lucent Publication",https://cdn01.sapnaonline.com/product_media/9789384761059/sm_9789384761059_120320221027363.jpg
Adhunik Hindi Vyakaran Aur Rachna,Adhunik Hindi Vyakaran Tatha Rachana Class 9 & 10 Course B : Cbse,https://www.sapnaonline.com/books/adhunik-hindi-vyakaran-ix-x-ashok-batra-8131808262-9788131808269,429,,,"Ashok Batra, Laxmi Publications (P) Ltd",https://cdn01.sapnaonline.com/product_media/9788131808269/sm_9788131808269_240520241102945.jpg
Adhunik Hindi Vyakaran Aur Rachna,Adhunik Hindi Vyakaran Swaroop Evam Prayog : Hindi,https://www.sapnaonline.com/books/adhunik-hindi-vyakaran-swaroop-evam-bharathi-khubalkar-1234102897-5551234102890,248,275,(10% Off),"Bharathi Khubalkar, Sahni Publications",https://cdn01.sapnaonline.com/product_media/5551234102890/sm_5551234102890_110720201102648.jpg
Adhunik Hindi Vyakaran Aur Rachna,Samanya Hindi Vyakaran Aivam Rachna,https://www.sapnaonline.com/books/samanya-hindi-vyakaran-aivam-rachna-hemant-kukrethi-8130910160-9788130910161,225,,,"Hemant Kukrethi, Books Wagon",https://cdn01.sapnaonline.com/product_media/9788130910161/sm_9788130910161.jpg
Adhunik Hindi Vyakaran Aur Rachna,Hindi Vyakaran Evam Racana : Junior Kaksha Ke Liye,https://www.sapnaonline.com/books/hindi-vyakaran-evam-racana-junior-madhu-sharma-9385869469-9789385869464,145,,,"Madhu Sharma, Maanu Graphics",https://cdn01.sapnaonline.com/product_media/9789385869464/sm_9789385869464_220720241239933.jpg
Adhunik Hindi Vyakaran Aur Rachna,Vyavaharik Hindi Aur Rachana,https://www.sapnaonline.com/books/vyavaharik-hindi-aur-rachana-krishan-kumar-8170552877-9788170552871,324,350,(7% Off),"Krishan kumar Goswami, Vani Prakashan",https://cdn01.sapnaonline.com/bk_images/871/9788170552871.jpg
Adhunik Hindi Vyakaran Aur Rachna,Adhunik Hindi Sahitya : Moolyankan Aur Panarmoolyankan,https://www.sapnaonline.com/books/adhunik-hindi-sahitya-moolyankan-aur-javarimall-parakh-8179751627-9788179751626,380,400,(5% Off),"Javarimall Parakh, Anamika Publishers",
Adhunik Hindi Vyakaran Aur Rachna,Adhunik Sahitya Aur Sahityakar (In Hindi),https://www.sapnaonline.com/books/adhunik-sahitya-aur-sahityakar-hindi-ganpati-chandra-812690562x-9788126905621,285,300,(5% Off),"Ganpati Chandra Gupt, Atlantic Publishers and Distributors Pvt Ltd",https://cdn01.sapnaonline.com/bk_images/621/9788126905621.jpg
Adhunik Hindi Vyakaran Aur Rachna,Hindi Vyakaran Evam Rachana : Middle Kaksha Keliye,https://www.sapnaonline.com/books/hindi-vyakaran-evam-rachana-middle-madhu-sharma-9385869477-9789385869471,175,,,"Madhu Sharma, Maanu Graphics",https://cdn01.sapnaonline.com/product_media/9789385869471/sm_9789385869471_210920231656435.jpg
Adhunik Hindi Vyakaran Aur Rachna,Saral Hindi Vyakaran Aur Basha Bodh,https://www.sapnaonline.com/books/saral-hindi-vyaakaran-aur-bhaasha-shailendra-pachouri-8172455240-9788172455248,150,,,"Shailendra Pachori, Goodwill Publishing House",https://cdn01.sapnaonline.com/product_media/9788172455248/sm_9788172455248_130120221122623.jpg
Adhunik Hindi Vyakaran Aur Rachna,Adhunik Hindi tatha Urdu Pad Rachna Ka Tulnatmak Adhyyan,https://www.sapnaonline.com/books/adhunik-hindi-tatha-urdu-pad-dr-anuj-8181293533-9788181293534,513,550,(7% Off),"Dr. Anuj Pratap Singh, Naman Prakashan",
Basic Science for Class 6,Sura Science Class 6,https://www.sapnaonline.com/books/science-year-guide-term-1-sai-geetha-8184497008-9788184497007,270,,,"S Rajan, Sura Publications",https://cdn01.sapnaonline.com/bk_images/007/9788184497007.jpg
Basic Science for Class 6,Class 6 Nso : Olympiad Workbook Science,https://www.sapnaonline.com/books/olympiad-workbook-science-class-6-na-8197776105-9788197776106,140,,,"Na, V&S Publishers",https://cdn01.sapnaonline.com/product_media/9788197776106/sm_9788197776106_161120241244690.jpg
Basic Science for Class 6,Gandhi Clasu,https://www.sapnaonline.com/books/gandhi-clasu-kum-veerabhadrappa-8128012398-9788128012396,293,325,(10% Off),"Kum Veerabhadrappa, Sapna Book House",https://cdn01.sapnaonline.com/product_media/9788128012396/sm_9788128012396.jpg
Basic Science for Class 6,Science Practice Cum  Workbook Class 6,https://www.sapnaonline.com/books/class-6-science-practice-cum-mtg-editorial-9355550723-9789355550729,428,450,(5% Off),"Na, Mtg Learning Media (P) Ltd.,",https://cdn01.sapnaonline.com/product_media/9789355550729/sm_9789355550729_200620241225275.jpg
Basic Science for Class 6,Class 6 Science Olympiad : National Science Olympiad,https://www.sapnaonline.com/books/class-6-science-olympiad-national-shikha-gupta-9357940456-9789357940450,255,295,(14% Off),"Shikha Gupta,Shikha Nautiyal, V&S Publishers",https://cdn01.sapnaonline.com/product_media/9789357940450/sm_9789357940450_141020211030408.jpg
Basic Science for Class 6,Science Class 6 Ncert At Your  Fingertips,https://www.sapnaonline.com/books/ncert-fingertips-science-class-6-mtg-editorial-9355558554-9789355558558,333,350,(5% Off),"Na, Mtg Learning Media (P) Ltd.,",https://cdn01.sapnaonline.com/product_media/9789355558558/sm_9789355558558_250920231158263.jpg
Basic Science for Class 6,Class 6 Science Iit Foundation & Olympiad Explorer,https://www.sapnaonline.com/books/class-6-science-iit-foundation-na-8190728571-9788190728577,300,,,"Na, Brain Mapping Academy",https://cdn01.sapnaonline.com/bk_images/577/9788190728577.jpg
Basic Science for Class 6,Pearson Iit Foundation Science Class 6 : 2024,https://www.sapnaonline.com/books/pearson-iit-foundation-science-class-trishna-811984761x-9788119847617,521,620,(16% Off),"Trishna, Pearson Education Limited",https://cdn01.sapnaonline.com/product_media/9788119847617/sm_9788119847617_210220241127631.jpg
Basic Science for Class 6,My Science Companion Class 6,https://www.sapnaonline.com/books/science-companion-class-6-bidhu-bhushan-8190687832-9788190687836,225,,,"Bidhu Bhushan Palo,S Sahu, Unified Council",https://cdn01.sapnaonline.com/product_media/9788190687836/sm_9788190687836_070820201108926.jpg
Basic Science for Class 6,Computer Scinece & Informatics Practices With Python For Cbse Class 12,https://www.sapnaonline.com/books/computer-scinece-informatics-practices-python-ashwin-l-935213852x-9789352138524,475,,,"Ashwin L Mehta, Shroff Publishers & Distributors",https://cdn01.sapnaonline.com/product_media/9789352138524/sm_9789352138524_020120211047098.jpg
Basic Science for Class 6,Class 6 Science Solutions Iit Foundation & Olympiad Explorer,https://www.sapnaonline.com/books/class-6-science-solutions-iit-na-9380299311-9789380299310,125,,,"Na, Brain Mapping Academy",https://cdn01.sapnaonline.com/bk_images/310/9789380299310.jpg
Basic Science for Class 6,Class 6  Science : Talent & Olympiad Exams Resource Book,https://www.sapnaonline.com/books/class-6-science-talent-olympiad-na-9382058605-9789382058601,200,,,"Na, Brain Mapping Academy",https://cdn01.sapnaonline.com/product_media/9789382058601/sm_9789382058601_190920201018207.jpg
Basic Science for Class 7,758 Science Class 7,https://www.sapnaonline.com/books/758-science-class-7-1234107317-5551234107318,65,,,"Na, National Council Of Educational",
Basic Science for Class 7,Inspired Science : Physics Class 7,https://www.sapnaonline.com/books/inspired-science-physics-class-7-na-9352877012-9789352877010,527,,,"Na, Orient Blackswan Private Limited",
Basic Science for Class 7,Class 7 Science Olympiad : National Science Olympiad,https://www.sapnaonline.com/books/class-7-science-olympiad-national-preeti-agarwal-9357940464-9789357940467,255,295,(14% Off),"Preeti Agarwal, V&S Publishers",https://cdn01.sapnaonline.com/product_media/9789357940467/sm_9789357940467_031120201425886.jpg
Basic Science for Class 7,Class 7 Nso : Olympiad Workbook Science,https://www.sapnaonline.com/books/olympiad-workbook-science-class-7-na-819777613x-9788197776137,140,,,"Na, V&S Publishers",https://cdn01.sapnaonline.com/product_media/9788197776137/sm_9788197776137_161120241244109.jpg
Basic Science for Class 7,Science Practice Cum  Workbook Class 7,https://www.sapnaonline.com/books/class-7-science-practice-cum-mtg-editorial-9355550782-9789355550781,428,450,(5% Off),"Na, Mtg Learning Media (P) Ltd.,",https://cdn01.sapnaonline.com/product_media/9789355550781/sm_9789355550781_200620241225115.jpg
Basic Science for Class 7,Gandhi Clasu,https://www.sapnaonline.com/books/gandhi-clasu-kum-veerabhadrappa-8128012398-9788128012396,293,325,(10% Off),"Kum Veerabhadrappa, Sapna Book House",https://cdn01.sapnaonline.com/product_media/9788128012396/sm_9788128012396.jpg
Basic Science for Class 7,One For All Workbook Class 7 Science,https://www.sapnaonline.com/books/oswaal-ncert-cbse-workbook-science-oswaal-editorial-9359583278-9789359583273,309,399,(23% Off),"Na, Oswal Book Agencies",https://cdn01.sapnaonline.com/product_media/9789359583273/sm_9789359583273_100420241328891.jpg
Basic Science for Class 7,Science Class 7 Ncert At Your Fingertips,https://www.sapnaonline.com/books/ncert-fingertips-science-class-7-mtg-editorial-9355558503-9789355558503,425,,,"Na, Mtg Learning Media (P) Ltd.,",https://cdn01.sapnaonline.com/product_media/9789355558503/sm_9789355558503_250920231157059.jpg
Basic Science for Class 7,Golden Science Class  7 : Cbse,https://www.sapnaonline.com/books/golden-science-class-7-cbse-nk-sharma-8122421156-9788122421156,241,299,(19% Off),"Nk Sharma,S Gupta, New Age International (P) Ltd",https://cdn01.sapnaonline.com/product_media/9788122421156/sm_9788122421156_270420241418311.jpg
Basic Science for Class 7,Class 7 Science Iit Foundation & Olympiad Explorer,https://www.sapnaonline.com/books/class-7-science-iit-foundation-na-938029932x-9789380299327,300,,,"Na, Brain Mapping Academy",https://cdn01.sapnaonline.com/bk_images/327/9789380299327.jpg
Basic Science for Class 7,IIT Foundation: Science Solutions (Class 7),https://www.sapnaonline.com/books/foundation-science-solutions-brain-mapping-9380299001-9789380299006,125,,,"Brain Mapping Academy,  Brain Mapping Academy",https://cdn01.sapnaonline.com/bk_images/006/9789380299006.jpg
Basic Science for Class 7,Golden Social Science Class 7 : Cbse,https://www.sapnaonline.com/books/golden-social-science-sample-papers-8122449530-9788122449532,297,375,(21% Off),"S Gupta,Pragya Chaturvedi, New Age International (P) Ltd",https://cdn01.sapnaonline.com/product_media/9788122449532/sm_9788122449532_270420241419051.jpg
Basic Science for Class 8,Class 8 Science Olympiad : National Science Olympiad,https://www.sapnaonline.com/books/class-8-science-olympiad-national-preeti-agarwal-9357940472-9789357940474,259,295,(12% Off),"Preeti Agarwal, V&S Publishers",https://cdn01.sapnaonline.com/product_media/9789357940474/sm_9789357940474_141020211030597.jpg
Basic Science for Class 8,Class 8 Nso : Olympiad Workbook Science,https://www.sapnaonline.com/books/olympiad-workbook-science-class-8-na-8197776172-9788197776175,140,,,"Na, V&S Publishers",https://cdn01.sapnaonline.com/product_media/9788197776175/sm_9788197776175_161120241245287.jpg
Basic Science for Class 8,Science Practice Cum  Workbook Class 8,https://www.sapnaonline.com/books/class-8-science-practice-cum-mtg-editorial-9355550855-9789355550859,428,450,(5% Off),"Na, Mtg Learning Media (P) Ltd.,",https://cdn01.sapnaonline.com/product_media/9789355550859/sm_9789355550859_200620241226407.jpg
Basic Science for Class 8,One For All Workbook Class  8 Science,https://www.sapnaonline.com/books/ncert-cbase-workbook-class-8-na-9359588342-9789359588346,309,399,(23% Off),"Na, Oswal Book Agencies",
Basic Science for Class 8,Gandhi Clasu,https://www.sapnaonline.com/books/gandhi-clasu-kum-veerabhadrappa-8128012398-9788128012396,293,325,(10% Off),"Kum Veerabhadrappa, Sapna Book House",https://cdn01.sapnaonline.com/product_media/9788128012396/sm_9788128012396.jpg
Basic Science for Class 8,Science Class 8 Ncert At Your Fingertips,https://www.sapnaonline.com/books/ncert-fingertips-science-class-8-mtg-editorial-9355558473-9789355558473,425,,,"Na, Mtg Learning Media (P) Ltd.,",https://cdn01.sapnaonline.com/product_media/9789355558473/sm_9789355558473_250920231157359.jpg
Basic Science for Class 8,Golden Science Class 8 : Cbse,https://www.sapnaonline.com/books/science-sample-papers-class-8-s-gupta-8122449956-9788122449952,267,325,(18% Off),"S Gupta,Nk Sharma, New Age International (P) Ltd",https://cdn01.sapnaonline.com/product_media/9788122449952/sm_9788122449952_270420241419467.jpg
Basic Science for Class 8,854 Science Text Book For Class 8 - Ncert,https://www.sapnaonline.com/books/854-science-text-book-class-8174508120-9788174508126,65,,,"Na, National Council Of Educational",
Basic Science for Class 8,Golden Social Science Class 8 : Cbse,https://www.sapnaonline.com/books/social-science-sample-papers-class-8122449549-9788122449549,307,395,(22% Off),"S Gupta,Pragya Chaturvedi, New Age International (P) Ltd",https://cdn01.sapnaonline.com/product_media/9788122449549/sm_9788122449549_270420241419815.jpg
Basic Science for Class 8,Class 8 Science : Talent & Olympiad Exams Resource Book,https://www.sapnaonline.com/books/class-8-science-talent-olympiad-na-9382058621-9789382058625,200,,,"Na, Brain Mapping Academy",https://cdn01.sapnaonline.com/product_media/9789382058625/sm_9789382058625_190920201018834.jpg
Basic Science for Class 8,Computer Scinece & Informatics Practices With Python For Cbse Class 12,https://www.sapnaonline.com/books/computer-scinece-informatics-practices-python-ashwin-l-935213852x-9789352138524,475,,,"Ashwin L Mehta, Shroff Publishers & Distributors",https://cdn01.sapnaonline.com/product_media/9789352138524/sm_9789352138524_020120211047098.jpg
Basic Science for Class 8,Ncert Textbook Exemplar Problems Solutions Science Class 8,https://www.sapnaonline.com/books/ncert-textbook-exemplar-problem-solutions-mtg-editorial-9355557884-9789355557889,150,,,"Na, Mtg Learning Media (P) Ltd.,",https://cdn01.sapnaonline.com/product_media/9789355557889/sm_9789355557889_130720231404311.jpg
Foundation Science: Physics for Class 9,Pearson Iit Foundation Physics Class 9 : 2024,https://www.sapnaonline.com/books/pearson-iit-foundation-physics-class-trishna-811984713x-9788119847136,567,689,(18% Off),"Trishna, Pearson Education Limited",https://cdn01.sapnaonline.com/product_media/9788119847136/sm_9788119847136_210220241126063.jpg
Foundation Science: Physics for Class 9,Class 9 Physics Iit Foundation & Olympiad Explorer,https://www.sapnaonline.com/books/class-9-physics-iit-foundation-lakshmi-evss-9380299214-9789380299211,400,,,"Lakshmi Evss, Brain Mapping Academy",https://cdn01.sapnaonline.com/bk_images/211/9789380299211.jpg
Foundation Science: Physics for Class 9,Foundation Science Physics Class 10 : Cbse,https://www.sapnaonline.com/books/foundation-science-physics-class-10-hc-verma-9350270064-9789350270066,271,285,(5% Off),"Hc Verma, Bharati Bhawan P&D",https://cdn01.sapnaonline.com/product_media/9789350270066/sm_9789350270066_080520241031379.jpg
Foundation Science: Physics for Class 9,Ultimate Foundation For Jee & Neet Physics Class 9,https://www.sapnaonline.com/books/ultimate-foundation-jee-neet-physics-na-9355733712-9789355733719,546,575,(5% Off),"Na, Cengage Learning India Pvt Ltd",https://cdn01.sapnaonline.com/product_media/9789355733719/sm_9789355733719_230420221055881.jpg
Foundation Science: Physics for Class 9,Class 9 Physics Solutions Iit Foundation & Olympiad Explorer,https://www.sapnaonline.com/books/class-9-physics-solutions-iit-na-9380299346-9789380299341,125,,,"Na, Brain Mapping Academy",https://cdn01.sapnaonline.com/bk_images/341/9789380299341.jpg
Foundation Science: Physics for Class 9,Foundation Science Chemistry Class 9 : Cbse,https://www.sapnaonline.com/books/foundation-science-chemistry-class-9-ak-singh-9350270048-9789350270042,295,310,(5% Off),"Ak Singh, Bharati Bhawan P&D",https://cdn01.sapnaonline.com/product_media/9789350270042/sm_9789350270042_080520241031507.jpg
Foundation Science: Physics for Class 9,Physics Class 9 :  Cengage Foundation Series For Jee & Neet,https://www.sapnaonline.com/books/cengage-foundation-series-jee-neet-base-935350001x-9789353500016,428,450,(5% Off),"Na, Cengage Learning India Pvt Ltd",https://cdn01.sapnaonline.com/product_media/9789353500016/sm_9789353500016.jpg
Foundation Science: Physics for Class 9,Foundation Science Biology Class 9 : Cbse,https://www.sapnaonline.com/books/foundation-science-biology-class-9-nk-mishra-9350270056-9789350270059,165,,,"Nk Mishra,Lc Saha, Bharati Bhawan P&D",https://cdn01.sapnaonline.com/bk_images/059/9789350270059.jpg
Foundation Science: Physics for Class 9,Foundation Course Physics Class 9 : Neet Jee Boards Cuet Kvpy Nso,https://www.sapnaonline.com/books/mtg-foundation-course-class-9-mtg-editorial-936023236x-9789360232368,444,500,(11% Off),"Na, Mtg Learning Media (P) Ltd.,",https://cdn01.sapnaonline.com/product_media/9789360232368/sm_9789360232368_310120251146462.jpg
Foundation Science: Physics for Class 9,Physics Science Class 9 Part 1 : Cbse,https://www.sapnaonline.com/books/physics-science-class-9-1-lakshmi-sinha-9364688082-9789364688086,575,,,"Manjit Kaur,Lakhmir Singh, S Chand & Company Pvt Ltd - Se",
Foundation Science: Physics for Class 9,Foundation Course Physics Class 9 : Neet Jee Boards Cuet Ntse Kvpy Nso,https://www.sapnaonline.com/books/mtg-foundation-course-class-9-mtg-editorial-936023186x-9789360231866,451,475,(5% Off),"Na, Mtg Learning Media (P) Ltd.,",https://cdn01.sapnaonline.com/product_media/9789360231866/sm_9789360231866_210220241130483.jpg
Foundation Science: Physics for Class 9,Pearson Foundation Biology Class 9 : 2024,https://www.sapnaonline.com/books/pearson-foundation-biology-class-9-trishna-8119847598-9788119847594,482,559,(14% Off),"Trishna, Pearson Education Limited",https://cdn01.sapnaonline.com/product_media/9788119847594/sm_9788119847594_210220241127503.jpg
Foundation Science: Physics for Class 10,Foundation Science Physics Class 10 : Cbse,https://www.sapnaonline.com/books/foundation-science-physics-class-10-hc-verma-9350270064-9789350270066,271,285,(5% Off),"Hc Verma, Bharati Bhawan P&D",https://cdn01.sapnaonline.com/product_media/9789350270066/sm_9789350270066_080520241031379.jpg
Foundation Science: Physics for Class 10,Pearson Iit Foundation Physics Class 10 : 2024,https://www.sapnaonline.com/books/pearson-iit-foundation-physics-class-trishna-8119847407-9788119847402,600,740,(19% Off),"Trishna, Pearson Education Limited",https://cdn01.sapnaonline.com/product_media/9788119847402/sm_9788119847402_210220241127175.jpg
Foundation Science: Physics for Class 10,Class 10 Physics Iit Foundation & Olympiad Explorer,https://www.sapnaonline.com/books/class-10-physics-iit-foundation-lakshmi-evss-938029901x-9789380299013,400,,,"Lakshmi Evss, Brain Mapping Academy",https://cdn01.sapnaonline.com/bk_images/013/9789380299013.jpg
Foundation Science: Physics for Class 10,Class 10 Physics Solutions Iit Foundation & Olympiad Explorer,https://www.sapnaonline.com/books/class-10-physics-solutions-iit-na-9380299354-9789380299358,125,,,"Na, Brain Mapping Academy",https://cdn01.sapnaonline.com/bk_images/358/9789380299358.jpg
Foundation Science: Physics for Class 10,Foundation Science Chemistry Class 10 : Cbse,https://www.sapnaonline.com/books/foundation-science-chemistry-class-10-ak-singh-935027020x-9789350270202,437,460,(5% Off),"Ak Singh, Bharati Bhawan P&D",https://cdn01.sapnaonline.com/product_media/9789350270202/sm_9789350270202_240320231024839.jpg
Foundation Science: Physics for Class 10,Physics Class 10 : Cengage Foundation Series For Jee & Neet,https://www.sapnaonline.com/books/cengage-foundation-series-jee-neet-base-9353500028-9789353500023,428,450,(5% Off),"Na, Cengage Learning India Pvt Ltd",https://cdn01.sapnaonline.com/product_media/9789353500023/sm_9789353500023.jpg
Foundation Science: Physics for Class 10,Super Easy Science Physics Class 10 : Cbse,https://www.sapnaonline.com/books/super-easy-science-physics-class-marshal-tito-938795952x-9789387959521,430,,,"Marshal Tito, S Dinesh & Co",
Foundation Science: Physics for Class 10,Foundation Course Physics Class 10 : Neet Jee Boards Cuet Kvpy Nso,https://www.sapnaonline.com/books/mtg-foundation-course-class-10-mtg-editorial-9360236837-9789360236830,357,400,(11% Off),"Na, Mtg Learning Media (P) Ltd.,",https://cdn01.sapnaonline.com/product_media/9789360236830/sm_9789360236830_310120251147676.jpg
Foundation Science: Physics for Class 10,Physics Science Class 10 Part 1 : Cbse,https://www.sapnaonline.com/books/physics-science-class-10-1-lakhmir-singh-9364687906-9789364687904,599,,,"Lakhmir Singh,Manjit Kaur, S Chand & Company Pvt Ltd - Se",
Foundation Science: Physics for Class 10,Foundation Course Physics Class 10 : Neet Jee Boards Cuet Ntse Kvpy Nso,https://www.sapnaonline.com/books/mtg-foundation-course-class-10-mtg-editorial-9360232661-9789360232665,356,375,(5% Off),"Na, Mtg Learning Media (P) Ltd.,",https://cdn01.sapnaonline.com/product_media/9789360232665/sm_9789360232665_210220241130155.jpg
Foundation Science: Physics for Class 10,Foundation Mathematics Class 10 : Icse,https://www.sapnaonline.com/books/foundation-mathematics-class-10-icse-na-9357267522-9789357267526,625,,,"Na, Goyal Brothers Prakashan",
Foundation Science: Physics for Class 10,Pearson Foundation Biology Class 10 : 2024,https://www.sapnaonline.com/books/pearson-foundation-biology-class-10-trishna-8119847806-9788119847808,655,825,(21% Off),"Trishna, Pearson Education Limited",
Ganit Parichay 1,Samanya Hindi Parichy,https://www.sapnaonline.com/books/samanya-hindi-parichy-shivshankar-pandey-8186877479-9788186877470,110,,,"Shivshankar Pandey, Ramesh Publishing House",https://cdn01.sapnaonline.com/bk_images/470/9788186877470.jpg
Ganit Parichay 1,Bharathiya Tatvashasthra Parichya,https://www.sapnaonline.com/books/bharathiya-tatvashasthra-parichya-chandrashekara-talya-123412369x-5551234123693,90,100,(10% Off),"Chandrashekara Talya, Sri Shivakumar Kala Sangha(R),",
Ganit Parichay 1,Visfotak : Ek Parichya,https://www.sapnaonline.com/books/visfotak-ek-parichya-kaustubh-aanand-8179751805-9788179751800,1219,1500,(19% Off),"Kaustubh Aanand Pant, Anamika Publishers",https://cdn01.sapnaonline.com/bk_images/800/9788179751800.jpg
Ganit Parichay 1,Bharat Ka Samvidhan Ek Parichey,https://www.sapnaonline.com/books/bharat-ka-samvidhan-ek-parichey-sharma-b-9390544157-9789390544158,470,495,(5% Off),"Bk Sharma, Phi Learning",https://cdn01.sapnaonline.com/product_media/9789390544158/sm_9789390544158_060320231855019.jpg
Ganit Parichay 1,Computer Ek Parichay,https://www.sapnaonline.com/books/computer-ek-parichay-17157217,199,,,"Singh, Computech Publications Ltd",https://cdn01.sapnaonline.com/bk_images/038/9788173172038.jpg
Ganit Parichay 1,Avkaln Ganit,https://www.sapnaonline.com/books/avkaln-ganit-brijmohan-8181436423-9788181436429,1040,1250,(17% Off),"Brijmohan, Vani Prakashan",https://cdn01.sapnaonline.com/product_media/9788181436429/sm_9788181436429.jpeg
Ganit Parichay 1,Samajshastra Parichay,https://www.sapnaonline.com/books/samajshastra-parichay-ram-ganesh-812505538x-9788125055389,250,,,"Ram Ganesh Yadav, Orient Blackswan Publication",
Ganit Parichay 1,Keetnashak Ek Parichay,https://www.sapnaonline.com/books/keetnashak-ek-parichay-anupama-singh-9392725574-9789392725579,1249,1495,(16% Off),"Anupama Singh, Brillion Publishing",https://cdn01.sapnaonline.com/product_media/9789392725579/sm_9789392725579_200320231246899.jpg
Ganit Parichay 1,Tarkshastra: Ek Parichay,https://www.sapnaonline.com/books/tarkshastra-ek-parichay-usha-kushwaha-8131758494-9788131758496,283,299,(5% Off),"Usha Kushwaha, Pearson Education",https://cdn01.sapnaonline.com/bk_images/496/9788131758496.jpg
Ganit Parichay 1,Gandhi-Ek Parichay,https://www.sapnaonline.com/books/gandhi-ek-parichay-bhikhu-parekh-0190121076-9780190121075,325,,,"Bhikhu Parekh, Oxford UP",https://cdn01.sapnaonline.com/product_media/9780190121075/sm_9780190121075_170820211359578.jpg
Ganit Parichay 1,Computer Ek Parichay,https://www.sapnaonline.com/books/computer-ek-parichay-v-k-9381448426-9789381448427,213,225,(5% Off),"Vk Jain, V&S Publishers",https://cdn01.sapnaonline.com/product_media/9789381448427/sm_9789381448427.jpg
Ganit Parichay 1,Madhumeh Ek Parichay,https://www.sapnaonline.com/books/madhumeh-ek-parichay-anita-gaur-9350576627-9789350576625,229,250,(8% Off),"Anita Gaur, V&S Publishers",https://cdn01.sapnaonline.com/product_media/9789350576625/sm_9789350576625.jpg
Ganit Parichay 2,Samanya Hindi Parichy,https://www.sapnaonline.com/books/samanya-hindi-parichy-shivshankar-pandey-8186877479-9788186877470,110,,,"Shivshankar Pandey, Ramesh Publishing House",https://cdn01.sapnaonline.com/bk_images/470/9788186877470.jpg
Ganit Parichay 2,Bharathiya Tatvashasthra Parichya,https://www.sapnaonline.com/books/bharathiya-tatvashasthra-parichya-chandrashekara-talya-123412369x-5551234123693,90,100,(10% Off),"Chandrashekara Talya, Sri Shivakumar Kala Sangha(R),",
Ganit Parichay 2,Visfotak : Ek Parichya,https://www.sapnaonline.com/books/visfotak-ek-parichya-kaustubh-aanand-8179751805-9788179751800,1219,1500,(19% Off),"Kaustubh Aanand Pant, Anamika Publishers",https://cdn01.sapnaonline.com/bk_images/800/9788179751800.jpg
Ganit Parichay 2,Bharat Ka Samvidhan Ek Parichey,https://www.sapnaonline.com/books/bharat-ka-samvidhan-ek-parichey-sharma-b-9390544157-9789390544158,470,495,(5% Off),"Bk Sharma, Phi Learning",https://cdn01.sapnaonline.com/product_media/9789390544158/sm_9789390544158_060320231855019.jpg
Ganit Parichay 2,Computer Ek Parichay,https://www.sapnaonline.com/books/computer-ek-parichay-17157217,199,,,"Singh, Computech Publications Ltd",https://cdn01.sapnaonline.com/bk_images/038/9788173172038.jpg
Ganit Parichay 2,Avkaln Ganit,https://www.sapnaonline.com/books/avkaln-ganit-brijmohan-8181436423-9788181436429,1040,1250,(17% Off),"Brijmohan, Vani Prakashan",https://cdn01.sapnaonline.com/product_media/9788181436429/sm_9788181436429.jpeg
Ganit Parichay 2,Samajshastra Parichay,https://www.sapnaonline.com/books/samajshastra-parichay-ram-ganesh-812505538x-9788125055389,250,,,"Ram Ganesh Yadav, Orient Blackswan Publication",
Ganit Parichay 2,Keetnashak Ek Parichay,https://www.sapnaonline.com/books/keetnashak-ek-parichay-anupama-singh-9392725574-9789392725579,1249,1495,(16% Off),"Anupama Singh, Brillion Publishing",https://cdn01.sapnaonline.com/product_media/9789392725579/sm_9789392725579_200320231246899.jpg
Ganit Parichay 2,Tarkshastra: Ek Parichay,https://www.sapnaonline.com/books/tarkshastra-ek-parichay-usha-kushwaha-8131758494-9788131758496,283,299,(5% Off),"Usha Kushwaha, Pearson Education",https://cdn01.sapnaonline.com/bk_images/496/9788131758496.jpg
Ganit Parichay 2,Gandhi-Ek Parichay,https://www.sapnaonline.com/books/gandhi-ek-parichay-bhikhu-parekh-0190121076-9780190121075,325,,,"Bhikhu Parekh, Oxford UP",https://cdn01.sapnaonline.com/product_media/9780190121075/sm_9780190121075_170820211359578.jpg
Ganit Parichay 2,Computer Ek Parichay,https://www.sapnaonline.com/books/computer-ek-parichay-v-k-9381448426-9789381448427,213,225,(5% Off),"Vk Jain, V&S Publishers",https://cdn01.sapnaonline.com/product_media/9789381448427/sm_9789381448427.jpg
Ganit Parichay 2,Madhumeh Ek Parichay,https://www.sapnaonline.com/books/madhumeh-ek-parichay-anita-gaur-9350576627-9789350576625,229,250,(8% Off),"Anita Gaur, V&S Publishers",https://cdn01.sapnaonline.com/product_media/9789350576625/sm_9789350576625.jpg
Ganit Parichay 3,Samanya Hindi Parichy,https://www.sapnaonline.com/books/samanya-hindi-parichy-shivshankar-pandey-8186877479-9788186877470,110,,,"Shivshankar Pandey, Ramesh Publishing House",https://cdn01.sapnaonline.com/bk_images/470/9788186877470.jpg
Ganit Parichay 3,Bharathiya Tatvashasthra Parichya,https://www.sapnaonline.com/books/bharathiya-tatvashasthra-parichya-chandrashekara-talya-123412369x-5551234123693,90,100,(10% Off),"Chandrashekara Talya, Sri Shivakumar Kala Sangha(R),",
Ganit Parichay 3,Visfotak : Ek Parichya,https://www.sapnaonline.com/books/visfotak-ek-parichya-kaustubh-aanand-8179751805-9788179751800,1219,1500,(19% Off),"Kaustubh Aanand Pant, Anamika Publishers",https://cdn01.sapnaonline.com/bk_images/800/9788179751800.jpg
Ganit Parichay 3,Bharat Ka Samvidhan Ek Parichey,https://www.sapnaonline.com/books/bharat-ka-samvidhan-ek-parichey-sharma-b-9390544157-9789390544158,470,495,(5% Off),"Bk Sharma, Phi Learning",https://cdn01.sapnaonline.com/product_media/9789390544158/sm_9789390544158_060320231855019.jpg
Ganit Parichay 3,Computer Ek Parichay,https://www.sapnaonline.com/books/computer-ek-parichay-17157217,199,,,"Singh, Computech Publications Ltd",https://cdn01.sapnaonline.com/bk_images/038/9788173172038.jpg
Ganit Parichay 3,Avkaln Ganit,https://www.sapnaonline.com/books/avkaln-ganit-brijmohan-8181436423-9788181436429,1040,1250,(17% Off),"Brijmohan, Vani Prakashan",https://cdn01.sapnaonline.com/product_media/9788181436429/sm_9788181436429.jpeg
Ganit Parichay 3,Samajshastra Parichay,https://www.sapnaonline.com/books/samajshastra-parichay-ram-ganesh-812505538x-9788125055389,250,,,"Ram Ganesh Yadav, Orient Blackswan Publication",
Ganit Parichay 3,Orbit Savi Kannada Parichaya 3,https://www.sapnaonline.com/books/orbit-savi-kannada-parichaya-3-cs-banashankaraiah-1234079674-5551234079676,108,120,(10% Off),"Cs Banashankaraiah, Subhas Publishing House",
Ganit Parichay 3,Keetnashak Ek Parichay,https://www.sapnaonline.com/books/keetnashak-ek-parichay-anupama-singh-9392725574-9789392725579,1249,1495,(16% Off),"Anupama Singh, Brillion Publishing",https://cdn01.sapnaonline.com/product_media/9789392725579/sm_9789392725579_200320231246899.jpg
Ganit Parichay 3,Tarkshastra: Ek Parichay,https://www.sapnaonline.com/books/tarkshastra-ek-parichay-usha-kushwaha-8131758494-9788131758496,283,299,(5% Off),"Usha Kushwaha, Pearson Education",https://cdn01.sapnaonline.com/bk_images/496/9788131758496.jpg
Ganit Parichay 3,Gandhi-Ek Parichay,https://www.sapnaonline.com/books/gandhi-ek-parichay-bhikhu-parekh-0190121076-9780190121075,325,,,"Bhikhu Parekh, Oxford UP",https://cdn01.sapnaonline.com/product_media/9780190121075/sm_9780190121075_170820211359578.jpg
Ganit Parichay 3,Computer Ek Parichay,https://www.sapnaonline.com/books/computer-ek-parichay-v-k-9381448426-9789381448427,213,225,(5% Off),"Vk Jain, V&S Publishers",https://cdn01.sapnaonline.com/product_media/9789381448427/sm_9789381448427.jpg
Ganit Parichay 4,Samanya Hindi Parichy,https://www.sapnaonline.com/books/samanya-hindi-parichy-shivshankar-pandey-8186877479-9788186877470,110,,,"Shivshankar Pandey, Ramesh Publishing House",https://cdn01.sapnaonline.com/bk_images/470/9788186877470.jpg
Ganit Parichay 4,Bharathiya Tatvashasthra Parichya,https://www.sapnaonline.com/books/bharathiya-tatvashasthra-parichya-chandrashekara-talya-123412369x-5551234123693,90,100,(10% Off),"Chandrashekara Talya, Sri Shivakumar Kala Sangha(R),",
Ganit Parichay 4,Visfotak : Ek Parichya,https://www.sapnaonline.com/books/visfotak-ek-parichya-kaustubh-aanand-8179751805-9788179751800,1219,1500,(19% Off),"Kaustubh Aanand Pant, Anamika Publishers",https://cdn01.sapnaonline.com/bk_images/800/9788179751800.jpg
Ganit Parichay 4,Bharat Ka Samvidhan Ek Parichey,https://www.sapnaonline.com/books/bharat-ka-samvidhan-ek-parichey-sharma-b-9390544157-9789390544158,470,495,(5% Off),"Bk Sharma, Phi Learning",https://cdn01.sapnaonline.com/product_media/9789390544158/sm_9789390544158_060320231855019.jpg
Ganit Parichay 4,Computer Ek Parichay,https://www.sapnaonline.com/books/computer-ek-parichay-17157217,199,,,"Singh, Computech Publications Ltd",https://cdn01.sapnaonline.com/bk_images/038/9788173172038.jpg
Ganit Parichay 4,Avkaln Ganit,https://www.sapnaonline.com/books/avkaln-ganit-brijmohan-8181436423-9788181436429,1040,1250,(17% Off),"Brijmohan, Vani Prakashan",https://cdn01.sapnaonline.com/product_media/9788181436429/sm_9788181436429.jpeg
Ganit Parichay 4,Samajshastra Parichay,https://www.sapnaonline.com/books/samajshastra-parichay-ram-ganesh-812505538x-9788125055389,250,,,"Ram Ganesh Yadav, Orient Blackswan Publication",
Ganit Parichay 4,Keetnashak Ek Parichay,https://www.sapnaonline.com/books/keetnashak-ek-parichay-anupama-singh-9392725574-9789392725579,1249,1495,(16% Off),"Anupama Singh, Brillion Publishing",https://cdn01.sapnaonline.com/product_media/9789392725579/sm_9789392725579_200320231246899.jpg
Ganit Parichay 4,Tarkshastra: Ek Parichay,https://www.sapnaonline.com/books/tarkshastra-ek-parichay-usha-kushwaha-8131758494-9788131758496,283,299,(5% Off),"Usha Kushwaha, Pearson Education",https://cdn01.sapnaonline.com/bk_images/496/9788131758496.jpg
Ganit Parichay 4,Gandhi-Ek Parichay,https://www.sapnaonline.com/books/gandhi-ek-parichay-bhikhu-parekh-0190121076-9780190121075,325,,,"Bhikhu Parekh, Oxford UP",https://cdn01.sapnaonline.com/product_media/9780190121075/sm_9780190121075_170820211359578.jpg
Ganit Parichay 4,Computer Ek Parichay,https://www.sapnaonline.com/books/computer-ek-parichay-v-k-9381448426-9789381448427,213,225,(5% Off),"Vk Jain, V&S Publishers",https://cdn01.sapnaonline.com/product_media/9789381448427/sm_9789381448427.jpg
Ganit Parichay 4,Madhumeh Ek Parichay,https://www.sapnaonline.com/books/madhumeh-ek-parichay-anita-gaur-9350576627-9789350576625,229,250,(8% Off),"Anita Gaur, V&S Publishers",https://cdn01.sapnaonline.com/product_media/9789350576625/sm_9789350576625.jpg
Ganit Parichay 5,Samanya Hindi Parichy,https://www.sapnaonline.com/books/samanya-hindi-parichy-shivshankar-pandey-8186877479-9788186877470,110,,,"Shivshankar Pandey, Ramesh Publishing House",https://cdn01.sapnaonline.com/bk_images/470/9788186877470.jpg
Ganit Parichay 5,Bharathiya Tatvashasthra Parichya,https://www.sapnaonline.com/books/bharathiya-tatvashasthra-parichya-chandrashekara-talya-123412369x-5551234123693,90,100,(10% Off),"Chandrashekara Talya, Sri Shivakumar Kala Sangha(R),",
Ganit Parichay 5,Visfotak : Ek Parichya,https://www.sapnaonline.com/books/visfotak-ek-parichya-kaustubh-aanand-8179751805-9788179751800,1219,1500,(19% Off),"Kaustubh Aanand Pant, Anamika Publishers",https://cdn01.sapnaonline.com/bk_images/800/9788179751800.jpg
Ganit Parichay 5,Bharat Ka Samvidhan Ek Parichey,https://www.sapnaonline.com/books/bharat-ka-samvidhan-ek-parichey-sharma-b-9390544157-9789390544158,470,495,(5% Off),"Bk Sharma, Phi Learning",https://cdn01.sapnaonline.com/product_media/9789390544158/sm_9789390544158_060320231855019.jpg
Ganit Parichay 5,Computer Ek Parichay,https://www.sapnaonline.com/books/computer-ek-parichay-17157217,199,,,"Singh, Computech Publications Ltd",https://cdn01.sapnaonline.com/bk_images/038/9788173172038.jpg
Ganit Parichay 5,Avkaln Ganit,https://www.sapnaonline.com/books/avkaln-ganit-brijmohan-8181436423-9788181436429,1040,1250,(17% Off),"Brijmohan, Vani Prakashan",https://cdn01.sapnaonline.com/product_media/9788181436429/sm_9788181436429.jpeg
Ganit Parichay 5,Samajshastra Parichay,https://www.sapnaonline.com/books/samajshastra-parichay-ram-ganesh-812505538x-9788125055389,250,,,"Ram Ganesh Yadav, Orient Blackswan Publication",
Ganit Parichay 5,Keetnashak Ek Parichay,https://www.sapnaonline.com/books/keetnashak-ek-parichay-anupama-singh-9392725574-9789392725579,1249,1495,(16% Off),"Anupama Singh, Brillion Publishing",https://cdn01.sapnaonline.com/product_media/9789392725579/sm_9789392725579_200320231246899.jpg
Ganit Parichay 5,Tarkshastra: Ek Parichay,https://www.sapnaonline.com/books/tarkshastra-ek-parichay-usha-kushwaha-8131758494-9788131758496,283,299,(5% Off),"Usha Kushwaha, Pearson Education",https://cdn01.sapnaonline.com/bk_images/496/9788131758496.jpg
Ganit Parichay 5,Gandhi-Ek Parichay,https://www.sapnaonline.com/books/gandhi-ek-parichay-bhikhu-parekh-0190121076-9780190121075,325,,,"Bhikhu Parekh, Oxford UP",https://cdn01.sapnaonline.com/product_media/9780190121075/sm_9780190121075_170820211359578.jpg
Ganit Parichay 5,Computer Ek Parichay,https://www.sapnaonline.com/books/computer-ek-parichay-v-k-9381448426-9789381448427,213,225,(5% Off),"Vk Jain, V&S Publishers",https://cdn01.sapnaonline.com/product_media/9789381448427/sm_9789381448427.jpg
Ganit Parichay 5,Madhumeh Ek Parichay,https://www.sapnaonline.com/books/madhumeh-ek-parichay-anita-gaur-9350576627-9789350576625,229,250,(8% Off),"Anita Gaur, V&S Publishers",https://cdn01.sapnaonline.com/product_media/9789350576625/sm_9789350576625.jpg
Hindi Reader 0,Hindi Reader Bhag 0  Praveshika,https://www.sapnaonline.com/books/hindi-reader-bhag-0-praveshika-rathi-rani-8177090194-9788177090192,100,,,"Rathi Rani, Bharati Bhawan P&D",https://cdn01.sapnaonline.com/product_media/9788177090192/sm_9788177090192_040720241023565.jpg
Hindi Reader 0,Hindi Copy Pustak Grade 0,https://www.sapnaonline.com/books/hindi-copy-pustak-grade-0-na-938478592x-9789384785925,55,,,"Na, Mahesh Arts",https://cdn01.sapnaonline.com/product_media/9789384785925/sm_9789384785925_070920221143443.jpg
Hindi Reader 0,Mahesh : Hindi Reader 2,https://www.sapnaonline.com/books/mahesh-hindi-reader-2-1234096374-5551234096378,50,,,"Na, Mahesh Arts",
Hindi Reader 0,Hindi Reader 1 Bhag,https://www.sapnaonline.com/books/hindi-reader-1-bhag-rathi-rani-8177090208-9788177090208,108,,,"Rathi Rani, Bharati Bhawan P&D",https://cdn01.sapnaonline.com/product_media/9788177090208/sm_9788177090208_171020221058923.jpg
Hindi Reader 0,Hindi Reader Bhag  3,https://www.sapnaonline.com/books/hindi-reader-bhag-3-rathi-rani-8177090224-9788177090222,124,,,"Rathi Rani, Bharati Bhawan P&D",https://cdn01.sapnaonline.com/bk_images/222/9788177090222.jpg
Hindi Reader 0,Hindi  Reader Bhag  5,https://www.sapnaonline.com/books/hindi-reader-bhag-5-rathi-rani-8177090275-9788177090277,144,,,"Rathi Rani, Bharati Bhawan P&D",https://cdn01.sapnaonline.com/bk_images/277/9788177090277.jpg
Hindi Reader 0,Cinderella : Read It Yourself  Early Reader1,https://www.sapnaonline.com/books/cinderella-read-yourself-level-01-katie-woolley-0241563569-9780241563564,187,199,(6% Off),"Katie Woolley, Ladybird Books Ltd",
Hindi Reader 0,Camping Trip : Read It Yourself Beginner Reader 0,https://www.sapnaonline.com/books/camping-trip-read-yourself-level-christy-kirkpatrick-0241564379-9780241564370,261,299,(13% Off),"Christy Kirkpatrick, Ladybird Books Ltd",
Hindi Reader 0,Aliens! : Read It Yourself Beginner Reader 0 Step 11,https://www.sapnaonline.com/books/aliens-step-11-read-yourself-katie-woolley-0241564409-9780241564400,261,299,(13% Off),"Katie Woolley, Ladybird Books Ltd",
Hindi Reader 0,Florence Basha  Bharathi Hindi Reader 3,https://www.sapnaonline.com/books/florence-basha-bharathi-hindi-reader-ritu-jain-9350102676-9789350102671,141,,,"Ritu Jain, Modern Publication",https://cdn01.sapnaonline.com/product_media/9789350102671/sm_9789350102671_070420221118700.jpg
Hindi Reader 0,Florence Basha  Bharathi Hindi Reader 5,https://www.sapnaonline.com/books/florence-basha-bharathi-hindi-reader-ritu-jain-9350102692-9789350102695,131,,,"Ritu Jain, Modern Publication",https://cdn01.sapnaonline.com/product_media/9789350102695/sm_9789350102695_070420221118754.jpg
Hindi Reader 0,Big Dog : Read It Yourself Beginner Reader 0 Step 5,https://www.sapnaonline.com/books/big-dog-step-05-read-alison-hawes-0241564336-9780241564332,261,299,(13% Off),"Alison Hawes, Ladybird Books Ltd",
