Our World: Then and Now 2,My World Our World 2,https://www.sapnaonline.com/books/world-world-2-jyoti-nanda-9389575133-9789389575132,390,,,"Jyoti Nanda, Headword Publishing Company",
Our World: Then and Now 2,Navigating Our Non Linear World,https://www.sapnaonline.com/books/navigating-non-linear-world-amit-adarkar-1957456345-9781957456348,412,495,(17% Off),"Amit Adarkar, Stardom Books",
Our World: Then and Now 2,Village Worldu Mattu 24 Kathegalu,https://www.sapnaonline.com/books/village-worldu-mattu-24-kathegalu-gopalakrishna-kuntini-9390490073-9789390490073,108,120,(10% Off),"Gopalakrishna Kuntini, Sapna Book House",https://cdn01.sapnaonline.com/product_media/9789390490073/sm_9789390490073_040120211411638.jpg
Our World: Then and Now 2,Our Changing World  2  Environmental  Studies,https://www.sapnaonline.com/books/changing-world-2-environmental-studies-na-8172866402-9788172866402,165,,,"Na, Prism Books Pvt Ltd",https://cdn01.sapnaonline.com/product_media/9788172866402/sm_9788172866402_090320241046063.jpg
Our World: Then and Now 2,World Of David Walliams : The Worldâ€™S Worst Children 1 2 & 3  Box Set,https://www.sapnaonline.com/books/world-david-walliams-david-walliams-0008659567-9780008659561,1068,1399,(24% Off),"David Walliams,Tony Ross, Harper Collins Childrens Books",https://cdn01.sapnaonline.com/product_media/9780008659561/sm_9780008659561_111220241007397.jpg
Our World: Then and Now 2,Not Now Not Now : Level 1,https://www.sapnaonline.com/books/level-1-rohini-nilekani-8184792158-9788184792157,55,,,"Rohini Nilekani, Pratham Books",
Our World: Then and Now 2,We Can Help We Can Share 2 Years : Explaining The Worls,https://www.sapnaonline.com/books/help-share-2-years-explaining-na-3849926397-9783849926397,295,,,"Na, Schwager & Steinlein Verlag Gmbh",https://cdn01.sapnaonline.com/product_media/9783849926397/sm_9783849926397_111020241132319.jpg
Our World: Then and Now 2,Our Land Our World 6,https://www.sapnaonline.com/books/land-world-6-vidya-bhavan-8172863004-9788172863005,115,,,"Vidya Bhavan, Prism Books Pvt Ltd",https://cdn01.sapnaonline.com/bk_images/005/9788172863005.jpg
Our World: Then and Now 2,Our Natural World,https://www.sapnaonline.com/books/natural-world-na-1913360636-9781913360634,531,695,(24% Off),"Na, Parragon",https://cdn01.sapnaonline.com/product_media/9781913360634/sm_9781913360634_010420231026476.jpg
Our World: Then and Now 2,Not Our War: Writings Against the First World War,https://www.sapnaonline.com/books/war-writings-against-first-world-w-zurbrugg-9350024047-9789350024041,401,425,(6% Off),"A. W. Zurbrugg, Aakar Books",
Our World: Then and Now 2,50 Worldâ€™S Greatest Stories,https://www.sapnaonline.com/books/50-worlds-greatest-stories-rupa-publications-9361565605-9789361565601,312,395,(21% Off),"Na, Rupa Publications",https://cdn01.sapnaonline.com/product_media/9789361565601/sm_9789361565601_160920241404377.jpg
Our World: Then and Now 2,Our World In Pictures,https://www.sapnaonline.com/books/world-pictures-na-0241515300-9780241515303,903,1199,(25% Off),"Na, Dorling Kindersley Children",
Our World: Then and Now 3,Navigating Our Non Linear World,https://www.sapnaonline.com/books/navigating-non-linear-world-amit-adarkar-1957456345-9781957456348,412,495,(17% Off),"Amit Adarkar, Stardom Books",
Our World: Then and Now 3,Workbook Our Wondrous World The World Around Us 3,https://www.sapnaonline.com/books/workbook-wondrous-world-world-around-na-9360599611-9789360599614,160,,,"Na, Arya Publishing Company",https://cdn01.sapnaonline.com/product_media/9789360599614/sm_9789360599614_030920241221683.jpg
Our World: Then and Now 3,Village Worldu Mattu 24 Kathegalu,https://www.sapnaonline.com/books/village-worldu-mattu-24-kathegalu-gopalakrishna-kuntini-9390490073-9789390490073,108,120,(10% Off),"Gopalakrishna Kuntini, Sapna Book House",https://cdn01.sapnaonline.com/product_media/9789390490073/sm_9789390490073_040120211411638.jpg
Our World: Then and Now 3,Our Changing World 3 : Environmental Studies,https://www.sapnaonline.com/books/changing-world-3-environmental-studies-pranesh-siravara-8172866070-9788172866075,190,200,(5% Off),"Pranesh Siravara, Prism Books Pvt Ltd",https://cdn01.sapnaonline.com/bk_images/075/9788172866075.jpg
Our World: Then and Now 3,World Of David Walliams : The Worldâ€™S Worst Children 1 2 & 3  Box Set,https://www.sapnaonline.com/books/world-david-walliams-david-walliams-0008659567-9780008659561,1068,1399,(24% Off),"David Walliams,Tony Ross, Harper Collins Childrens Books",https://cdn01.sapnaonline.com/product_media/9780008659561/sm_9780008659561_111220241007397.jpg
Our World: Then and Now 3,335 Our Wonderous World Textbook For Class 3 : The World Around Us,https://www.sapnaonline.com/books/335-wonderous-world-textbook-class-na-123412324x-5551234123240,65,,,"Na, National Council Of Educational",
Our World: Then and Now 3,Not Now Not Now : Level 1,https://www.sapnaonline.com/books/level-1-rohini-nilekani-8184792158-9788184792157,55,,,"Rohini Nilekani, Pratham Books",
Our World: Then and Now 3,Worl Crisis Vol 3 : 1916 To 1918,https://www.sapnaonline.com/books/world-crisis-volume-iii-1916-sir-winston-1472586883-9781472586889,1002,1299,(23% Off),"Winston S Churchill, Bloomsbury Publishing",https://cdn01.sapnaonline.com/product_media/9781472586889/sm_9781472586889.jpeg
Our World: Then and Now 3,Our Land Our World 6,https://www.sapnaonline.com/books/land-world-6-vidya-bhavan-8172863004-9788172863005,115,,,"Vidya Bhavan, Prism Books Pvt Ltd",https://cdn01.sapnaonline.com/bk_images/005/9788172863005.jpg
Our World: Then and Now 3,Our Natural World,https://www.sapnaonline.com/books/natural-world-na-1913360636-9781913360634,531,695,(24% Off),"Na, Parragon",https://cdn01.sapnaonline.com/product_media/9781913360634/sm_9781913360634_010420231026476.jpg
Our World: Then and Now 3,Global Health Watch 3 : An Alternative Worl Health Report,https://www.sapnaonline.com/books/global-health-watch-3-alternative-na-1780320337-9781780320335,2280,2783,(18% Off),"Na, Zed Books Ltd",https://cdn01.sapnaonline.com/bk_images/335/9781780320335.jpg
Our World: Then and Now 3,My World Our World 2,https://www.sapnaonline.com/books/world-world-2-jyoti-nanda-9389575133-9789389575132,390,,,"Jyoti Nanda, Headword Publishing Company",
Our World: Then and Now 2,My World Our World 2,https://www.sapnaonline.com/books/world-world-2-jyoti-nanda-9389575133-9789389575132,390,,,"Jyoti Nanda, Headword Publishing Company",
Our World: Then and Now 2,Navigating Our Non Linear World,https://www.sapnaonline.com/books/navigating-non-linear-world-amit-adarkar-1957456345-9781957456348,412,495,(17% Off),"Amit Adarkar, Stardom Books",
Our World: Then and Now 2,Village Worldu Mattu 24 Kathegalu,https://www.sapnaonline.com/books/village-worldu-mattu-24-kathegalu-gopalakrishna-kuntini-9390490073-9789390490073,108,120,(10% Off),"Gopalakrishna Kuntini, Sapna Book House",https://cdn01.sapnaonline.com/product_media/9789390490073/sm_9789390490073_040120211411638.jpg
Our World: Then and Now 2,Our Changing World  2  Environmental  Studies,https://www.sapnaonline.com/books/changing-world-2-environmental-studies-na-8172866402-9788172866402,165,,,"Na, Prism Books Pvt Ltd",https://cdn01.sapnaonline.com/product_media/9788172866402/sm_9788172866402_090320241046063.jpg
Our World: Then and Now 2,World Of David Walliams : The Worldâ€™S Worst Children 1 2 & 3  Box Set,https://www.sapnaonline.com/books/world-david-walliams-david-walliams-0008659567-9780008659561,1068,1399,(24% Off),"David Walliams,Tony Ross, Harper Collins Childrens Books",https://cdn01.sapnaonline.com/product_media/9780008659561/sm_9780008659561_111220241007397.jpg
Our World: Then and Now 2,Not Now Not Now : Level 1,https://www.sapnaonline.com/books/level-1-rohini-nilekani-8184792158-9788184792157,55,,,"Rohini Nilekani, Pratham Books",
Our World: Then and Now 2,We Can Help We Can Share 2 Years : Explaining The Worls,https://www.sapnaonline.com/books/help-share-2-years-explaining-na-3849926397-9783849926397,295,,,"Na, Schwager & Steinlein Verlag Gmbh",https://cdn01.sapnaonline.com/product_media/9783849926397/sm_9783849926397_111020241132319.jpg
Our World: Then and Now 2,Our Land Our World 6,https://www.sapnaonline.com/books/land-world-6-vidya-bhavan-8172863004-9788172863005,115,,,"Vidya Bhavan, Prism Books Pvt Ltd",https://cdn01.sapnaonline.com/bk_images/005/9788172863005.jpg
Our World: Then and Now 2,Our Natural World,https://www.sapnaonline.com/books/natural-world-na-1913360636-9781913360634,531,695,(24% Off),"Na, Parragon",https://cdn01.sapnaonline.com/product_media/9781913360634/sm_9781913360634_010420231026476.jpg
Our World: Then and Now 2,Not Our War: Writings Against the First World War,https://www.sapnaonline.com/books/war-writings-against-first-world-w-zurbrugg-9350024047-9789350024041,401,425,(6% Off),"A. W. Zurbrugg, Aakar Books",
Our World: Then and Now 2,50 Worldâ€™S Greatest Stories,https://www.sapnaonline.com/books/50-worlds-greatest-stories-rupa-publications-9361565605-9789361565601,312,395,(21% Off),"Na, Rupa Publications",https://cdn01.sapnaonline.com/product_media/9789361565601/sm_9789361565601_160920241404377.jpg
Our World: Then and Now 2,Our World In Pictures,https://www.sapnaonline.com/books/world-pictures-na-0241515300-9780241515303,903,1199,(25% Off),"Na, Dorling Kindersley Children",
Our World: Then and Now 3,Navigating Our Non Linear World,https://www.sapnaonline.com/books/navigating-non-linear-world-amit-adarkar-1957456345-9781957456348,412,495,(17% Off),"Amit Adarkar, Stardom Books",
Our World: Then and Now 3,Workbook Our Wondrous World The World Around Us 3,https://www.sapnaonline.com/books/workbook-wondrous-world-world-around-na-9360599611-9789360599614,160,,,"Na, Arya Publishing Company",https://cdn01.sapnaonline.com/product_media/9789360599614/sm_9789360599614_030920241221683.jpg
Our World: Then and Now 3,Village Worldu Mattu 24 Kathegalu,https://www.sapnaonline.com/books/village-worldu-mattu-24-kathegalu-gopalakrishna-kuntini-9390490073-9789390490073,108,120,(10% Off),"Gopalakrishna Kuntini, Sapna Book House",https://cdn01.sapnaonline.com/product_media/9789390490073/sm_9789390490073_040120211411638.jpg
Our World: Then and Now 3,Our Changing World 3 : Environmental Studies,https://www.sapnaonline.com/books/changing-world-3-environmental-studies-pranesh-siravara-8172866070-9788172866075,190,200,(5% Off),"Pranesh Siravara, Prism Books Pvt Ltd",https://cdn01.sapnaonline.com/bk_images/075/9788172866075.jpg
Our World: Then and Now 3,World Of David Walliams : The Worldâ€™S Worst Children 1 2 & 3  Box Set,https://www.sapnaonline.com/books/world-david-walliams-david-walliams-0008659567-9780008659561,1068,1399,(24% Off),"David Walliams,Tony Ross, Harper Collins Childrens Books",https://cdn01.sapnaonline.com/product_media/9780008659561/sm_9780008659561_111220241007397.jpg
Our World: Then and Now 3,335 Our Wonderous World Textbook For Class 3 : The World Around Us,https://www.sapnaonline.com/books/335-wonderous-world-textbook-class-na-123412324x-5551234123240,65,,,"Na, National Council Of Educational",
Our World: Then and Now 3,Not Now Not Now : Level 1,https://www.sapnaonline.com/books/level-1-rohini-nilekani-8184792158-9788184792157,55,,,"Rohini Nilekani, Pratham Books",
Our World: Then and Now 3,Worl Crisis Vol 3 : 1916 To 1918,https://www.sapnaonline.com/books/world-crisis-volume-iii-1916-sir-winston-1472586883-9781472586889,1002,1299,(23% Off),"Winston S Churchill, Bloomsbury Publishing",https://cdn01.sapnaonline.com/product_media/9781472586889/sm_9781472586889.jpeg
Our World: Then and Now 3,Our Land Our World 6,https://www.sapnaonline.com/books/land-world-6-vidya-bhavan-8172863004-9788172863005,115,,,"Vidya Bhavan, Prism Books Pvt Ltd",https://cdn01.sapnaonline.com/bk_images/005/9788172863005.jpg
Our World: Then and Now 3,Our Natural World,https://www.sapnaonline.com/books/natural-world-na-1913360636-9781913360634,531,695,(24% Off),"Na, Parragon",https://cdn01.sapnaonline.com/product_media/9781913360634/sm_9781913360634_010420231026476.jpg
Our World: Then and Now 3,Global Health Watch 3 : An Alternative Worl Health Report,https://www.sapnaonline.com/books/global-health-watch-3-alternative-na-1780320337-9781780320335,2280,2783,(18% Off),"Na, Zed Books Ltd",https://cdn01.sapnaonline.com/bk_images/335/9781780320335.jpg
Our World: Then and Now 3,My World Our World 2,https://www.sapnaonline.com/books/world-world-2-jyoti-nanda-9389575133-9789389575132,390,,,"Jyoti Nanda, Headword Publishing Company",
Sanskrit Bharati 1,Sanskrit  Bharati Bhag  1,https://www.sapnaonline.com/books/sanskrit-bharati-bhag-1-devkanth-jha-9350270412-9789350270417,160,,,"Devkanth Jha,Gopabandhu Mishra, Bharati Bhawan P&D",https://cdn01.sapnaonline.com/bk_images/417/9789350270417.jpg
Sanskrit Bharati 1,Sugam Sanskrit Vyakaran 1,https://www.sapnaonline.com/books/sugam-sanskrit-vyakaran-1-chandrakanth-bhakth-8177090410-9788177090413,55,,,"Chandrakanth Bhakth, Bharati Bhawan P&D",https://cdn01.sapnaonline.com/product_media/9788177090413/sm_9788177090413_260720241124463.jpg
Sanskrit Bharati 1,Sanskrit  Abhyasini  Bhag  1,https://www.sapnaonline.com/books/sanskrit-abhyasini-bhag-1-gopabandhu-mishra-8177095579-9788177095579,112,,,"Gopabandhu Mishra,Devkanth Jha, Bharati Bhawan P&D",https://cdn01.sapnaonline.com/product_media/9788177095579/sm_9788177095579_171020221059919.jpg
Sanskrit Bharati 1,Sanskrit Reader : With Notes & Sankrit English Vocabulary,https://www.sapnaonline.com/books/sanskrit-reader-notes-sankrit-english-charles-rockwell-8174791760-9788174791764,280,295,(5% Off),"Charles Rockwell Lanman, Kaveri Books",https://cdn01.sapnaonline.com/product_media/9788174791764/sm_9788174791764.jpg
Sanskrit Bharati 1,Sanskrit Bharati  Bhag 3,https://www.sapnaonline.com/books/sanskrit-bharati-bhag-3-devkanth-jha-9350270633-9789350270639,188,,,"Devkanth Jha,Gopabandhu Mishra, Bharati Bhawan P&D",https://cdn01.sapnaonline.com/product_media/9789350270639/sm_9789350270639_171020221059520.jpg
Sanskrit Bharati 1,Pracheen Bharat Sabahyta Avam Sanskriti,https://www.sapnaonline.com/books/pracheen-bharat-sabahyta-avam-sanskriti-kusum-vajpayee-8189471775-9788189471774,656,750,(13% Off),"Kusum Vajpayee, Raj Publications",
Sanskrit Bharati 1,Bharat Ki Sanskriti Ki Kahani,https://www.sapnaonline.com/books/bharat-ki-sanskriti-ki-kahani-bhagwatsharan-upadhyay-8170285941-9788170285946,90,,,"Bhagwatsharan Upadhyay, Rajpal and Sons Publishing",https://cdn01.sapnaonline.com/bk_images/946/9788170285946.jpg
Sanskrit Bharati 1,Bharat Ki Lok Sanskriti,https://www.sapnaonline.com/books/bharat-ki-lok-sanskriti-hemant-kukreti-9352667891-9789352667895,213,225,(5% Off),"Hemant Kukreti, ",
Sanskrit Bharati 1,Kiratarjuniyam Of Bharavi Cantos 1 - 3,https://www.sapnaonline.com/books/kiratarjuniyam-bharavi-cantos-1-3-mr-kale-8120805739-9788120805736,259,295,(12% Off),"Mr Kale, Motilal Banarsidass",https://cdn01.sapnaonline.com/bk_images/736/9788120805736.jpg
Sanskrit Bharati 1,"Sabhyata, Sankriti Aur Niyamit Vyavastha Hi Bharat Ka Bhavishye - Hindi",https://www.sapnaonline.com/books/sabhyata-sankriti-aur-niyamit-vyavastha-hi-bharat-ka-bhavishye-hindi-17087924,420,450,(7% Off),"Parveen Kumari Prakash, Kalpaz Publications",https://cdn01.sapnaonline.com/bk_images/163/9789351280163.jpg
Sanskrit Bharati 1,Prachin Bharat Ka Itihas Vastukala Evam Sanskarti,https://www.sapnaonline.com/books/prachin-bharat-ka-itihas-vastukala-kusum-vajpeyi-9382629289-9789382629283,656,750,(13% Off),"Kusum Vajpeyi,Kusum Vajpeyi, Ishika Publishing House",
Sanskrit Bharati 1,Filmen Aur Sanskrti,https://www.sapnaonline.com/books/filmen-aur-sanskrti-dheeraj-sharma-9390366704-9789390366705,362,400,(10% Off),"Dheeraj Sharma, Prabhat Prakashan",https://cdn01.sapnaonline.com/product_media/9789390366705/sm_9789390366705_070820211346567.jpg
Sanskrit Bharati 2,Sugam Sanskrit Vyakaran 2,https://www.sapnaonline.com/books/sugam-sanskrit-vyakaran-2-chandrakanth-bhakth-8177090429-9788177090420,85,,,"Chandrakanth Bhakth, Bharati Bhawan P&D",https://cdn01.sapnaonline.com/product_media/9788177090420/sm_9788177090420_260720241124303.jpg
Sanskrit Bharati 2,Mahabharat Kaleen Bharatiya Sanskriti in 2 Vols,https://www.sapnaonline.com/books/mahabharat-kaleen-bharatiya-sanskriti-2-urmila-singh-8189000756-9788189000752,930,1100,(15% Off),"Urmila Singh Sujata Sinha, Viswa Bharati Publications (radha)",
Sanskrit Bharati 2,"Bharatiya Chounritya: Itihas, Sanskriti Aur Kala (2 vols)",https://www.sapnaonline.com/books/bharatiya-chounritya-itihas-sanskriti-aur-badari-prasad-8124606455-9788124606452,2955,3800,(22% Off),"Badari Prasad, D.K. Printworld (P) Ltd.",https://cdn01.sapnaonline.com/bk_images/452/9788124606452.jpg
Sanskrit Bharati 2,Sanskrit Reader : With Notes & Sankrit English Vocabulary,https://www.sapnaonline.com/books/sanskrit-reader-notes-sankrit-english-charles-rockwell-8174791760-9788174791764,280,295,(5% Off),"Charles Rockwell Lanman, Kaveri Books",https://cdn01.sapnaonline.com/product_media/9788174791764/sm_9788174791764.jpg
Sanskrit Bharati 2,Sanskrit Bharati  Bhag 3,https://www.sapnaonline.com/books/sanskrit-bharati-bhag-3-devkanth-jha-9350270633-9789350270639,188,,,"Devkanth Jha,Gopabandhu Mishra, Bharati Bhawan P&D",https://cdn01.sapnaonline.com/product_media/9789350270639/sm_9789350270639_171020221059520.jpg
Sanskrit Bharati 2,Sanskrit  Bharati Bhag  1,https://www.sapnaonline.com/books/sanskrit-bharati-bhag-1-devkanth-jha-9350270412-9789350270417,160,,,"Devkanth Jha,Gopabandhu Mishra, Bharati Bhawan P&D",https://cdn01.sapnaonline.com/bk_images/417/9789350270417.jpg
Sanskrit Bharati 2,Pracheen Bharat Sabahyta Avam Sanskriti,https://www.sapnaonline.com/books/pracheen-bharat-sabahyta-avam-sanskriti-kusum-vajpayee-8189471775-9788189471774,656,750,(13% Off),"Kusum Vajpayee, Raj Publications",
Sanskrit Bharati 2,Bharat Ki Sanskriti Ki Kahani,https://www.sapnaonline.com/books/bharat-ki-sanskriti-ki-kahani-bhagwatsharan-upadhyay-8170285941-9788170285946,90,,,"Bhagwatsharan Upadhyay, Rajpal and Sons Publishing",https://cdn01.sapnaonline.com/bk_images/946/9788170285946.jpg
Sanskrit Bharati 2,Sanskrut Is Fun Part : 2,https://www.sapnaonline.com/books/sanskrut-fun-2-warwick-jessup-9390064244-9789390064243,199,225,(12% Off),"Warwick Jessup,Elena Jessup, Motilal Banarsidass",https://cdn01.sapnaonline.com/product_media/9789390064243/sm_9789390064243_100220231038503.jpg
Sanskrit Bharati 2,Bharat Ki Lok Sanskriti,https://www.sapnaonline.com/books/bharat-ki-lok-sanskriti-hemant-kukreti-9352667891-9789352667895,213,225,(5% Off),"Hemant Kukreti, ",
Sanskrit Bharati 2,Jagho Bharath - 2,https://www.sapnaonline.com/books/jagho-bharath-2-chakravarti-sulibele-123410461x-5551234104612,108,120,(10% Off),"Chakravarti Sulibele, Vikram Prakashana,",https://cdn01.sapnaonline.com/product_media/5551234104612/sm_5551234104612.jpg
Sanskrit Bharati 2,"Sabhyata, Sankriti Aur Niyamit Vyavastha Hi Bharat Ka Bhavishye - Hindi",https://www.sapnaonline.com/books/sabhyata-sankriti-aur-niyamit-vyavastha-hi-bharat-ka-bhavishye-hindi-17087924,420,450,(7% Off),"Parveen Kumari Prakash, Kalpaz Publications",https://cdn01.sapnaonline.com/bk_images/163/9789351280163.jpg
Sanskrit Bharati 3,Sanskrit Bharati  Bhag 3,https://www.sapnaonline.com/books/sanskrit-bharati-bhag-3-devkanth-jha-9350270633-9789350270639,188,,,"Devkanth Jha,Gopabandhu Mishra, Bharati Bhawan P&D",https://cdn01.sapnaonline.com/product_media/9789350270639/sm_9789350270639_171020221059520.jpg
Sanskrit Bharati 3,Sanskrit Abhyasini Bhag 3,https://www.sapnaonline.com/books/sanskrit-abhyasini-bhag-3-gopabandhu-mishra-8177095595-9788177095593,56,,,"Gopabandhu Mishra,Devkanth Jha, Bharati Bhawan P&D",https://cdn01.sapnaonline.com/product_media/9788177095593/sm_9788177095593_110620241020263.jpg
Sanskrit Bharati 3,"Architecture Of Manasara(set 3 Vols.):
Sanskrit Text With English Translation & Notes",https://www.sapnaonline.com/books/architecture-of-manasara-set-3-vols-sanskrit-text-with-english-translation-notes-18972086,4757,6000,(21% Off),"Prasanna Kumar, Bharatiya Kala Prakashan",https://cdn01.sapnaonline.com/bk_images/796/9788180902796.jpg
Sanskrit Bharati 3,Sanskrit Reader : With Notes & Sankrit English Vocabulary,https://www.sapnaonline.com/books/sanskrit-reader-notes-sankrit-english-charles-rockwell-8174791760-9788174791764,280,295,(5% Off),"Charles Rockwell Lanman, Kaveri Books",https://cdn01.sapnaonline.com/product_media/9788174791764/sm_9788174791764.jpg
Sanskrit Bharati 3,Sanskrit  Bharati Bhag  1,https://www.sapnaonline.com/books/sanskrit-bharati-bhag-1-devkanth-jha-9350270412-9789350270417,160,,,"Devkanth Jha,Gopabandhu Mishra, Bharati Bhawan P&D",https://cdn01.sapnaonline.com/bk_images/417/9789350270417.jpg
Sanskrit Bharati 3,Pracheen Bharat Sabahyta Avam Sanskriti,https://www.sapnaonline.com/books/pracheen-bharat-sabahyta-avam-sanskriti-kusum-vajpayee-8189471775-9788189471774,656,750,(13% Off),"Kusum Vajpayee, Raj Publications",
Sanskrit Bharati 3,Bharat Ki Sanskriti Ki Kahani,https://www.sapnaonline.com/books/bharat-ki-sanskriti-ki-kahani-bhagwatsharan-upadhyay-8170285941-9788170285946,90,,,"Bhagwatsharan Upadhyay, Rajpal and Sons Publishing",https://cdn01.sapnaonline.com/bk_images/946/9788170285946.jpg
Sanskrit Bharati 3,Kiratarjuniyam Of Bharavi Cantos 1 - 3,https://www.sapnaonline.com/books/kiratarjuniyam-bharavi-cantos-1-3-mr-kale-8120805739-9788120805736,259,295,(12% Off),"Mr Kale, Motilal Banarsidass",https://cdn01.sapnaonline.com/bk_images/736/9788120805736.jpg
Sanskrit Bharati 3,Bharat Ki Lok Sanskriti,https://www.sapnaonline.com/books/bharat-ki-lok-sanskriti-hemant-kukreti-9352667891-9789352667895,213,225,(5% Off),"Hemant Kukreti, ",
Sanskrit Bharati 3,"Sabhyata, Sankriti Aur Niyamit Vyavastha Hi Bharat Ka Bhavishye - Hindi",https://www.sapnaonline.com/books/sabhyata-sankriti-aur-niyamit-vyavastha-hi-bharat-ka-bhavishye-hindi-17087924,420,450,(7% Off),"Parveen Kumari Prakash, Kalpaz Publications",https://cdn01.sapnaonline.com/bk_images/163/9789351280163.jpg
Sanskrit Bharati 3,Prachin Bharat Ka Itihas Vastukala Evam Sanskarti,https://www.sapnaonline.com/books/prachin-bharat-ka-itihas-vastukala-kusum-vajpeyi-9382629289-9789382629283,656,750,(13% Off),"Kusum Vajpeyi,Kusum Vajpeyi, Ishika Publishing House",
Sanskrit Bharati 3,Filmen Aur Sanskrti,https://www.sapnaonline.com/books/filmen-aur-sanskrti-dheeraj-sharma-9390366704-9789390366705,362,400,(10% Off),"Dheeraj Sharma, Prabhat Prakashan",https://cdn01.sapnaonline.com/product_media/9789390366705/sm_9789390366705_070820211346567.jpg
