The Psychology of Money: by Morgan Housel,₹124,https://images.meesho.com/images/products/444860469/qqjio_400.webp,https://www.meesho.com/the-psychology-of-money-by-morgan-housel/p/7cuwj9,4.1,10 Reviews
"blackbook of english vocab 2024-25  (Paperback, NIKHILL)",₹256,https://images.meesho.com/images/products/464168595/2k1rp_400.webp,https://www.meesho.com/blackbook-of-english-vocab-2024-25-paperback-nikhill/p/7ocqs3,3.9,
BlackBook of English Vocabulary May 2024 by Nikhil Gupta,₹258,https://images.meesho.com/images/products/464158594/rwuld_400.webp,https://www.meesho.com/blackbook-of-english-vocabulary-may-2024-by-nikhil-gupta/p/7ocj2a,3.9,
BlackBook of English Vocabulary May 2024 by Nikhil Gupta,₹273,https://images.meesho.com/images/products/464160505/9iseg_400.webp,https://www.meesho.com/blackbook-of-english-vocabulary-may-2024-by-nikhil-gupta/p/7ockjd,4.0,
Mathematics for CLASS 10 by R S Aggarwal,₹371,https://images.meesho.com/images/products/388933690/kmyjf_400.webp,https://www.meesho.com/maths-book-for-class-10-by-r-s-aggarwal/p/6fk75m,4.1,
NEETU SINGH ENGLISH FOR GENERAL COMPETITIONS VOL - 1 IN ENGLISH NEW 2023 EDITION,₹239,https://images.meesho.com/images/products/374160431/xwqli_400.webp,https://www.meesho.com/neetu-singh-english-for-general-competitions-vol-1-in-english-new-2023-edition/p/66rk1b,3.6,16 Reviews
RAPIDEX ENGLISH - TELUGU DICTIONARY WITH USAGES,₹194,https://images.meesho.com/images/products/368736339/u1u8o_400.webp,https://www.meesho.com/rapidex-english-telugu-dictionary-with-usages/p/63jas3,5.0,4 Reviews
"Socho Aur Ameer Ho Jayo  (Hindi, Paperback, Hill Napoleon)",₹182,https://images.meesho.com/images/products/116060399/izxqt_400.webp,https://www.meesho.com/socho-aur-ameer-ho-jayo-hindi-paperback-hill-napoleon/p/1x3krz,3.9,713 Reviews
RAPIDEX ENGLISH-HINDI DICTIONARY WITH USAGES,₹158,https://images.meesho.com/images/products/368736342/ygg6b_400.webp,https://www.meesho.com/rapidex-english-hindi-dictionary-with-usages/p/63jas6,4.3,
BlackBook of English Vocabulary May 2024,₹352,https://images.meesho.com/images/products/467021191/fmpwt_400.webp,https://www.meesho.com/blackbook-of-english-vocabulary-may-2024/p/7q1vuv,4.0,
RAPIDEX ENGLISH - KANNADA DICTIONARY WITH USAGES,₹240,https://images.meesho.com/images/products/379386247/igdyx_400.webp,https://www.meesho.com/rapidex-english-kannada-dictionary-with-usages/p/69vkav,4.3,
I don't love you anymore by Rithvik Singh,₹137,https://images.meesho.com/images/products/400230684/d1anv_400.webp,https://www.meesho.com/i-dont-love-you-anymore-by-rithvik-singh/p/6mabz0,4.1,171 Reviews
High School English Grammar & Composition Wren & Martin.,₹363,https://images.meesho.com/images/products/377267623/f2rry_400.webp,https://www.meesho.com/high-school-english-grammar-composition-wren-martin/p/68m5k7,4.0,
Oxford English to English Mini Dictionary 7th Edition By Oxford,₹350,https://images.meesho.com/images/products/389399949/s8cqn_400.webp,https://www.meesho.com/oxford-english-to-english-mini-dictionary-7th-edition-by-oxford/p/6fu6x9,4.0,
English for General Competition Volume 1 (HINDI Medium) by Neetu Singh,₹328,https://images.meesho.com/images/products/388976949/n3tym_400.webp,https://www.meesho.com/english-for-general-competition-volume-1-hindi-medium-by-neetu-singh/p/6fl4j9,4.1,
It Starts With Us by Collen Hoover,₹129,https://images.meesho.com/images/products/444866953/flvxw_400.webp,https://www.meesho.com/it-starts-with-us-by-collen-hoover/p/7cv1jd,3.7,6 Reviews
High School English Grammar & Composition Wren & Martin.,₹363,https://images.meesho.com/images/products/354711839/pdgkz_400.webp,https://www.meesho.com/high-school-english-grammar-composition-wren-martin/p/5v6pen,3.8,
"English - Bangla Dictionary with Usages  (Bengali, Paperback, Pustak Mahal Editorial Board)Self-Help books",₹223,https://images.meesho.com/images/products/243242190/2z8x5_400.webp,https://www.meesho.com/english-bangla-dictionary-with-usages-bengali-paperback-pustak-mahal-editorial-boardself-help-books/p/40tivi,4.1,
Blackbook for VOCABULORY,₹400,https://images.meesho.com/images/products/354355091/ufzdd_400.webp,https://www.meesho.com/blackbook-for-vocabulory/p/5uz24z,3.8,
BlackBook of English Vocabulary May 2024 by Nikhil Gupta Paperback,₹275,https://images.meesho.com/images/products/466331218/xdae3_400.webp,https://www.meesho.com/blackbook-of-english-vocabulary-may-2024-by-nikhil-gupta-paperback/p/7pn3gy,4.4,
I don't love you anymore by Rithvik Singh,₹137,https://images.meesho.com/images/products/400230684/d1anv_400.webp,https://www.meesho.com/i-dont-love-you-anymore-by-rithvik-singh/p/6mabz0,4.1,171 Reviews
BlackBook of English Vocabulary May 2024 by Nikhil Gupta,₹258,https://images.meesho.com/images/products/464158594/rwuld_400.webp,https://www.meesho.com/blackbook-of-english-vocabulary-may-2024-by-nikhil-gupta/p/7ocj2a,3.9,
"blackbook of english vocab 2024-25  (Paperback, NIKHILL)",₹256,https://images.meesho.com/images/products/464168595/2k1rp_400.webp,https://www.meesho.com/blackbook-of-english-vocab-2024-25-paperback-nikhill/p/7ocqs3,3.9,
BlackBook of English Vocabulary May 2024 by Nikhil Gupta,₹273,https://images.meesho.com/images/products/464160505/9iseg_400.webp,https://www.meesho.com/blackbook-of-english-vocabulary-may-2024-by-nikhil-gupta/p/7ockjd,4.0,
SSC TCS PYQs Reasoning Chapterwise & Typewise Solved Papers 12950+ Till - December 2023 :TCS PYQs of Cgl Tier 1;Cgl Tier 2;CPO;Chsl;Dp Si;Dp Constable;Mts;Constable Gd Covered (English Medium)(4606) Paperback – 22 December 2023,₹344,https://images.meesho.com/images/products/424947629/2vtug_400.webp,https://www.meesho.com/ctet-junior-level-classes-vi-viii-social-science-solved-papers-2011-2024-paperback-31-december-2023/p/7103ot,4.3,19 Reviews
RAPIDEX ENGLISH-HINDI DICTIONARY WITH USAGES,₹158,https://images.meesho.com/images/products/368736342/ygg6b_400.webp,https://www.meesho.com/rapidex-english-hindi-dictionary-with-usages/p/63jas6,4.3,
RAPIDEX ENGLISH - TELUGU DICTIONARY WITH USAGES,₹194,https://images.meesho.com/images/products/368736339/u1u8o_400.webp,https://www.meesho.com/rapidex-english-telugu-dictionary-with-usages/p/63jas3,5.0,4 Reviews
"Socho Aur Ameer Ho Jayo  (Hindi, Paperback, Hill Napoleon)",₹182,https://images.meesho.com/images/products/116060399/izxqt_400.webp,https://www.meesho.com/socho-aur-ameer-ho-jayo-hindi-paperback-hill-napoleon/p/1x3krz,3.9,713 Reviews
ARIHANT ENGLISH GRAMMAR & COMPOSITION,₹364,https://images.meesho.com/images/products/389821787/pgxey_400.webp,https://www.meesho.com/arihant-english-grammar-composition/p/6g38ez,3.7,
"Oxford Mini English Dictionary | Easy To Use | Extra Help with Spelling, Grammar and Vocabulary | 7th Edition By Oxford",₹249,https://images.meesho.com/images/products/389822708/xrcq9_400.webp,https://www.meesho.com/oxford-mini-english-dictionary-easy-to-use-extra-help-with-spelling-grammar-and-vocabulary-7th-edition-by-oxford/p/6g394k,3.7,
RAPIDEX ENGLISH - KANNADA DICTIONARY WITH USAGES,₹240,https://images.meesho.com/images/products/379386247/igdyx_400.webp,https://www.meesho.com/rapidex-english-kannada-dictionary-with-usages/p/69vkav,4.3,
The Psychology of Money: by Morgan Housel,₹124,https://images.meesho.com/images/products/444860469/qqjio_400.webp,https://www.meesho.com/the-psychology-of-money-by-morgan-housel/p/7cuwj9,4.1,10 Reviews
Wren and Martin Middle School English Grammar and Composition (2023 Edition),₹363,https://images.meesho.com/images/products/359495961/tr40s_400.webp,https://www.meesho.com/wren-and-martin-middle-school-english-grammar-and-composition-2023-edition/p/5y18ux,3.9,
English Grammar & Composition Book By Arihant Publication 2023,₹364,https://images.meesho.com/images/products/389694988/ipjkx_400.webp,https://www.meesho.com/english-grammar-composition-book-by-arihant-publication-2023/p/6g0iks,3.8,
Oxford English to English Mini Dictionary 7th Edition By Oxford,₹350,https://images.meesho.com/images/products/389399949/s8cqn_400.webp,https://www.meesho.com/oxford-english-to-english-mini-dictionary-7th-edition-by-oxford/p/6fu6x9,4.0,
It Starts With Us by Collen Hoover,₹129,https://images.meesho.com/images/products/444866953/flvxw_400.webp,https://www.meesho.com/it-starts-with-us-by-collen-hoover/p/7cv1jd,3.7,6 Reviews
Wren and Martin Middle School English Grammar and Composition (2023 Edition),₹363,https://images.meesho.com/images/products/366894576/devi9_400.webp,https://www.meesho.com/wren-and-martin-middle-school-english-grammar-and-composition-2023-edition/p/62fto0,3.8,
Oxford English to English Mini Dictionary 7th Edition By Oxford,₹350,https://images.meesho.com/images/products/389698111/9qngr_400.webp,https://www.meesho.com/oxford-english-to-english-mini-dictionary-7th-edition-by-oxford/p/6g0kzj,3.8,
Wren and Martin Middle School English Grammar and Composition (2023 Edition),₹363,https://images.meesho.com/images/products/354734242/ds5m0_400.webp,https://www.meesho.com/wren-and-martin-middle-school-english-grammar-and-composition-2023-edition/p/5v76oy,3.8,
Wren and Martin Middle School English Grammar and Composition (2023 Edition),₹363,https://images.meesho.com/images/products/354711786/m5ipw_400.webp,https://www.meesho.com/wren-and-martin-middle-school-english-grammar-and-composition-2023-edition/p/5v6pd6,3.8,
Bharat Ki Rajvyavastha for UPSC (Hindi) | 7th Edition | Civil Services Exam | State Administrative Exams,₹398,https://images.meesho.com/images/products/434062835/icvrp_400.webp,https://www.meesho.com/bharat-ki-rajvyavastha-for-upsc-hindi-7th-edition-civil-services-exam-state-administrative-exams/p/76fh0z,4.3,190 Reviews
BPSC PURVALOKAN SOLVED PAPER 2025 GHATNA CHAKRA HINDI MEDIUM,₹537,https://images.meesho.com/images/products/459254560/vyjxn_400.webp,https://www.meesho.com/bpsc-purvalokan-solved-paper-2025-ghatna-chakra-hindi-medium/p/7lff34,4.0,4 Reviews
"Static GK by Ankit Bhati Sir  (Paperback, Ankit Bhati)",₹154,https://images.meesho.com/images/products/464670909/womrg_400.webp,https://www.meesho.com/static-gk-by-ankit-bhati-sir-paperback-ankit-bhati/p/7onid9,4.1,
HSSC Haryana CET Common Eligibility Test for Group C and D,₹394,https://images.meesho.com/images/products/455656778/th5aq_400.webp,https://www.meesho.com/hssc-haryana-cet-common-eligibility-test-for-group-c-and-d/p/7jab0q,4.2,
Ujjwal Sikhwal Reet  Samajik Adhyan Level-2 class 6-8,₹380,https://images.meesho.com/images/products/458482774/pdild_400.webp,https://www.meesho.com/ujjwal-sikhwal-reet-samajik-adhyan-level-2-class-6-8/p/7kyvkm,4.2,
"Kiran SSC Mathematics Chapterwise & Typewise Solved Papers 1999 Till Date 9500+ Objective Questions For SSC CGL Tier I & II, SSC CHSL, SSC ... Police, SSC CPO, Etc. English(Old Edition)",₹575,https://images.meesho.com/images/products/411617883/ykadw_400.webp,https://www.meesho.com/kiran-ssc-mathematics-2023-ssc-solved-paper-2023/p/6t2ee3,3.6,5 Reviews
OBJECTIVE NCERT AT YOUR FINGERTIPS JEEV VIGYAN (HINDI MEDIUM),₹795,https://images.meesho.com/images/products/325836573/ehk3s_400.webp,https://www.meesho.com/objective-ncert-at-your-fingertips-jeev-vigyan-hindi-medium/p/5dzt3x,3.5,4 Reviews
"Sikhwal Reet Samajik Adhyan For Level-2 For Class 6-8  (Paperback, Hindi, SIKHWAL PUBLICATION)",₹408,https://images.meesho.com/images/products/432539357/8p8la_400.webp,https://www.meesho.com/sikhwal-reet-samajik-adhyan-for-level-2-for-class-6-8-paperback-hindi-sikhwal-publication/p/75iti5,4.2,
Trendy Other Books,₹419,https://images.meesho.com/images/products/438577533/dfm6l_400.webp,https://www.meesho.com/bhautik-bhugol-physical-geography-in-hindi/p/7948l9,4.0,6 Reviews
Ssc gd Practice sets by Ankit bhati 2025,₹150,https://images.meesho.com/images/products/467188891/dl0l1_400.webp,https://www.meesho.com/ssc-gd-practice-sets-by-ankit-bhati-2025/p/7q5h97,4.1,
PARMAR SIR SSC GK PYQ CLASS NOTES HINDI MEDIUM,₹334,https://images.meesho.com/images/products/444538963/zdvib_400.webp,https://www.meesho.com/parmar-sir-ssc-gk-pyq-class-notes-hindi-medium/p/7co0gj,4.2,6 Reviews
PW CUET (UG) General Test and English 2025 Combo Set of 2 Books l Chapterwise & Topicwise Question Bank with Past Year Questions and Mock Tests,₹560,https://images.meesho.com/images/products/443505269/gebru_400.webp,https://www.meesho.com/pw-cuet-ug-general-test-and-english-2025-combo-set-of-2-books-l-chapterwise-topicwise-question-bank-with-past-year-questions-and-mock-tests/p/7c1uut,4.7,12 Reviews
Career will Delhi police 4 book combo set reasoning general studies computer math chapter wise constable 2024-2025,₹230,https://images.meesho.com/images/products/458542146/oyfj4_400.webp,https://www.meesho.com/career-will-delhi-police-4-book-combo-set-reasoning-general-studies-computer-math-chapter-wise-constable-2024-2025/p/7l05du,4.1,
NCERT FINGERTIPS CHEMISTRY HINDI MEDIUM,₹657,https://images.meesho.com/images/products/455547969/kevsr_400.webp,https://www.meesho.com/ncert-fingertips-chemistry-hindi-medium/p/7j7z29,4.2,
English Medium) AIIMS B.Sc. Nursing (Hons.) Solved Papers & Practice Book,₹352,https://images.meesho.com/images/products/455067536/tm1mo_400.webp,https://www.meesho.com/english-medium-aiims-bsc-nursing-hons-solved-papers-practice-book-13-sets-2025/p/7ixocw,4.0,
"Arihant Success Master IBPS 2024 Bank Clerk Pre Exam CRP-XIV Paperback – 7 January 2024 by Abhishek Jain Piyush Kaushik , Amit Tanwar (Author)",₹345,https://images.meesho.com/images/products/428356457/ks4uo_400.webp,https://www.meesho.com/arihant-success-master-ibps-2024-bank-clerk-pre-exam-crp-xiv-paperback-7-january-2024-by-abhishek-jain-piyush-kaushik-amit-tanwar-author/p/7315yh,4.2,
MASTER REASONING ARIHANT HINDI MEDIUM,₹576,https://images.meesho.com/images/products/452248704/3c1kg_400.webp,https://www.meesho.com/master-reasoning-arihant-hindi-medium/p/7h99c0,4.2,
UPSC Mains Answer Writing Notebook for Practice Answer Sheet A4 NoteBook (200 Pages  X Pack of 2),₹269,https://images.meesho.com/images/products/461460638/gbhct_400.webp,https://www.meesho.com/upsc-mains-answer-writing-notebook-for-practice-answer-sheet-a4-notebook-200-pages-x-pack-of-2/p/7mqpb2,4.0,
"(New) 3rd Edition 2024-25 Vastunisth Madhya Pradesh Parikshadham , MCQ with Detailed Analysis, ( Objective MP GK ) Book in Hindi for Mppsc Pre & Mains and All Mp Exams 2024-25",₹398,https://images.meesho.com/images/products/458308584/q7b8q_400.webp,https://www.meesho.com/new-3rd-edition-2024-25-vastunisth-madhya-pradesh-parikshadham-mcq-with-detailed-analysis-objective-mp-gk-book-in-hindi-for-mppsc-pre-mains-and-all-mp-exams-2024-25/p/7kv560,4.3,
"SSC Maths The Complete Coaching, 8000+ TCS MCQ, Chapter-Wise (Type-Wise), English Edition | Gagan Pratap Sir",₹501,https://images.meesho.com/images/products/458449311/l7s8y_400.webp,https://www.meesho.com/ssc-maths-the-complete-coaching-8000-tcs-mcq-chapter-wise-type-wise-english-edition-gagan-pratap-sir/p/7ky5r3,4.2,
The Psychology of Money: by Morgan Housel,₹124,https://images.meesho.com/images/products/444860469/qqjio_400.webp,https://www.meesho.com/the-psychology-of-money-by-morgan-housel/p/7cuwj9,4.1,10 Reviews
BlackBook of English Vocabulary May 2024 by Nikhil Gupta,₹258,https://images.meesho.com/images/products/464158594/rwuld_400.webp,https://www.meesho.com/blackbook-of-english-vocabulary-may-2024-by-nikhil-gupta/p/7ocj2a,3.9,
"blackbook of english vocab 2024-25  (Paperback, NIKHILL)",₹256,https://images.meesho.com/images/products/464168595/2k1rp_400.webp,https://www.meesho.com/blackbook-of-english-vocab-2024-25-paperback-nikhill/p/7ocqs3,3.9,
BlackBook of English Vocabulary May 2024 by Nikhil Gupta,₹273,https://images.meesho.com/images/products/464160505/9iseg_400.webp,https://www.meesho.com/blackbook-of-english-vocabulary-may-2024-by-nikhil-gupta/p/7ockjd,4.0,
"I.C.S.E Concise Physics for Class 10  (English, Paperback, Tripathi S.P.)Tripathi S.P.)",₹341,https://images.meesho.com/images/products/390955858/qsr0s_400.webp,https://www.meesho.com/icse-concise-physics-for-class-10-english-paperback-tripathi-sptripathi-sp/p/6grjgy,3.9,
Think and Grow Rich (Hindi) (Hindi Edition) + Shakti Ke 48 Niyam - Hindi (Hindi Edition) + the secret hindi + Agni Ki Udaan,₹353,https://images.meesho.com/images/products/460276252/gb12h_400.webp,https://www.meesho.com/think-and-grow-rich-hindi-hindi-edition-shakti-ke-48-niyam-hindi-hindi-edition-the-secret-hindi-agni-ki-udaan/p/7m1bfg,4.4,
WING OF FIRE Self-Help books,₹153,https://images.meesho.com/images/products/155726105/goiax_400.webp,https://www.meesho.com/wing-of-fire-self-help-books/p/2kpr15,4.2,
"Socho Aur Ameer Ho Jayo  (Hindi, Paperback, Hill Napoleon)",₹182,https://images.meesho.com/images/products/116060399/izxqt_400.webp,https://www.meesho.com/socho-aur-ameer-ho-jayo-hindi-paperback-hill-napoleon/p/1x3krz,3.9,713 Reviews
RAPIDEX ENGLISH-HINDI DICTIONARY WITH USAGES,₹158,https://images.meesho.com/images/products/368736342/ygg6b_400.webp,https://www.meesho.com/rapidex-english-hindi-dictionary-with-usages/p/63jas6,4.3,
"I.C.S.E Concise Physics for Class 10  (English,  Tripathi S.P.)",₹336,https://images.meesho.com/images/products/393126462/dw5xl_400.webp,https://www.meesho.com/icse-concise-physics-for-class-10-english-tripathi-sp/p/6i22bi,4.0,
RAPIDEX ENGLISH - TELUGU DICTIONARY WITH USAGES,₹194,https://images.meesho.com/images/products/368736339/u1u8o_400.webp,https://www.meesho.com/rapidex-english-telugu-dictionary-with-usages/p/63jas3,5.0,4 Reviews
I don't love you anymore by Rithvik Singh,₹137,https://images.meesho.com/images/products/400230684/d1anv_400.webp,https://www.meesho.com/i-dont-love-you-anymore-by-rithvik-singh/p/6mabz0,4.1,171 Reviews
Modern Letter Writing Course   (With Online Content on  Dropbox) | English| Paperback| Self Help| V&S Publishers| Book| 9789350570203,₹228,https://images.meesho.com/images/products/318087123/xesiq_400.webp,https://www.meesho.com/modern-letter-writing-course-with-online-content-on-dropbox-english-paperback-self-help-vs-publishers-book-9789350570203/p/59dplf,4.1,
YOUTH COMPETITION TIMES RO/ARO SOLVED PAPER 11th EDITION 2024-25 (SAMANYA ADDYAN & SAMANYA HINDI) Paperback – 30 September 2024,₹348,https://images.meesho.com/images/products/454239964/dsboe_400.webp,https://www.meesho.com/youth-competition-times-roaro-solved-paper-11th-edition-2024-25-samanya-addyan-samanya-hindi-paperback-30-september-2024/p/7ifxss,4.1,
GK Lucent Book 2024 in English With Free GK Book [ Best GK Book for All Government Exams],₹348,https://images.meesho.com/images/products/391646633/ebuys_400.webp,https://www.meesho.com/gk-lucent-book-2024-in-english-with-free-gk-book-best-gk-book-for-all-government-exams/p/6h6ch5,4.0,
It Starts With Us by Collen Hoover,₹129,https://images.meesho.com/images/products/444866953/flvxw_400.webp,https://www.meesho.com/it-starts-with-us-by-collen-hoover/p/7cv1jd,3.7,6 Reviews
"Oxford Mini English Dictionary | Easy To Use | Extra Help with Spelling, Grammar and Vocabulary | 7th Edition By Oxford",₹249,https://images.meesho.com/images/products/389822708/xrcq9_400.webp,https://www.meesho.com/oxford-mini-english-dictionary-easy-to-use-extra-help-with-spelling-grammar-and-vocabulary-7th-edition-by-oxford/p/6g394k,3.7,
GK Lucent Book 2024 in English With Free GK Book [ Best GK Book for All Government Exams],₹353,https://images.meesho.com/images/products/391641284/lh4jl_400.webp,https://www.meesho.com/gk-lucent-book-2024-in-english-with-free-gk-book-best-book-for-all-government-exams/p/6h68ck,4.1,
2024 - Edition - Lucent's General Knowledge - English Medium,₹259,https://images.meesho.com/images/products/389509322/ppvcm_400.webp,https://www.meesho.com/2024-edition-lucents-general-knowledge-english-medium/p/6fwjbe,4.0,
English Grammar & Composition Book By Arihant Publication 2023,₹364,https://images.meesho.com/images/products/389694988/ipjkx_400.webp,https://www.meesho.com/english-grammar-composition-book-by-arihant-publication-2023/p/6g0iks,3.8,
"The Wicked King+The Queen of + The Cruel Price 3 set Product Bundle – Big Book, 1 January 2022",₹283,https://images.meesho.com/images/products/418227108/hheas_400.webp,https://www.meesho.com/the-wicked-kingthe-queen-of-the-cruel-price-3-set-product-bundle-big-book-1-january-2022/p/6x023o,4.2,669 Reviews
COLLINSCOBUILD ADVANCED ILLUSTRATED DICTIONARY(PB),₹732,https://images.meesho.com/images/products/391971339/x6x6g_400.webp,https://www.meesho.com/collinscobuild-advanced-illustrated-dictionarypb/p/6hdb0r,3.7,
i don't love you anymore + warmth by rithvik singh,₹133,https://images.meesho.com/images/products/441858331/4y5ef_400.webp,https://www.meesho.com/i-dont-love-you-anymore-warmth-by-rithvik-singh/p/7b2k2j,4.2,384 Reviews
7 Habits of Highly Effective People,₹144,https://images.meesho.com/images/products/459283752/khvja_400.webp,https://www.meesho.com/7-habits-of-highly-effective-people/p/7lg1m0,4.2,
Premchand Ki 51 Yaadgar Kahaniyan,₹166,https://images.meesho.com/images/products/98041474/sjfy6_400.webp,https://www.meesho.com/premchand-ki-51-yaadgar-kahaniyan/p/1mddaa,4.5,739 Reviews
"Relativity: The Special And The General Theory by Albert Einstein | Concepts of Physics, Relativity, General Relativity & Quantum Mechanics | Conceptual Physics, University Physics & Calculus Core",₹179,https://images.meesho.com/images/products/466610466/zuiul_400.webp,https://www.meesho.com/relativity-the-special-and-the-general-theory-by-albert-einstein-concepts-of-physics-relativity-general-relativity-quantum-mechanics-conceptual-physics-university-physics-calculus-core/p/7pt2xu,,
Never Lie,₹171,https://images.meesho.com/images/products/428908414/ccl3j_400.webp,https://www.meesho.com/never-lie/p/73czum,4.3,90 Reviews
The Locked Door,₹160,https://images.meesho.com/images/products/379449805/cjbe8_400.webp,https://www.meesho.com/the-locked-door/p/69wxcd,4.4,107 Reviews
Amma diarylo konni pageelu,₹177,https://images.meesho.com/images/products/436586312/fls0b_400.webp,https://www.meesho.com/amma-diarylo-konni-pageelu/p/77xk5k,4.6,772 Reviews
"The Laws of Human Natur [Paperback] Greene, Robert",₹246,https://images.meesho.com/images/products/466655385/llyct_400.webp,https://www.meesho.com/the-laws-of-human-natur-paperback-greene-robert/p/7pu1ll,4.2,
UPSC Mains Answer Writing Copy Booklet - 200 Pages per Book A4 Size Spiral Bound (PACK OF 1 ),₹157,https://images.meesho.com/images/products/461458148/msbpn_400.webp,https://www.meesho.com/upsc-mains-answer-writing-copy-booklet-200-pages-per-book-a4-size-spiral-bound-pack-of-1/p/7mqndw,3.8,4 Reviews
"blackbook of english vocab 2024-25  (Paperback, NIKHILL)",₹256,https://images.meesho.com/images/products/464168595/2k1rp_400.webp,https://www.meesho.com/blackbook-of-english-vocab-2024-25-paperback-nikhill/p/7ocqs3,3.9,
"Entire English Grammar Handwritten Notes Book for SSC, Railways, Bank, Teaching, All State & Other Competitive Exams (Printed Edition) By Adda247",₹390,https://images.meesho.com/images/products/307369541/8xqyq_400.webp,https://www.meesho.com/entire-english-grammar-handwritten-notes-book-for-ssc-railways-bank-teaching-all-state-other-competitive-exams-printed-edition-by-adda247/p/52zzut,3.6,15 Reviews
"Spoken English (Four Colour Rare Book) Best Book For English Speaking  (Paperback, Hindi, Neetu Singh)",₹375,https://images.meesho.com/images/products/217864089/ztalm_400.webp,https://www.meesho.com/spoken-english-four-colour-rare-book-best-book-for-english-speaking-paperback-hindi-neetu-singh/p/3lpl09,3.5,14 Reviews
BlackBook of English Vocabulary May 2024 by Nikhil Gupta Paperback,₹275,https://images.meesho.com/images/products/466331218/xdae3_400.webp,https://www.meesho.com/blackbook-of-english-vocabulary-may-2024-by-nikhil-gupta-paperback/p/7pn3gy,4.4,
English Vocabulary Book,₹369,https://images.meesho.com/images/products/456579992/oqs1n_400.webp,https://www.meesho.com/the-english-pro-vocabulary-book/p/7ju3dk,,
"""Comprehensive English Grammar & Composition """"Comprehensive English Grammar & Composition """,₹395,https://images.meesho.com/images/products/389038355/pnk0f_400.webp,https://www.meesho.com/comprehensive-english-grammar-composition-comprehensive-english-grammar-composition/p/6fmfwz,4.0,
"Sikhwal Reet Samajik Adhyan For Level-2 For Class 6-8  (Paperback, Hindi, SIKHWAL PUBLICATION)",₹408,https://images.meesho.com/images/products/432539357/8p8la_400.webp,https://www.meesho.com/sikhwal-reet-samajik-adhyan-for-level-2-for-class-6-8-paperback-hindi-sikhwal-publication/p/75iti5,4.2,
Comprehensive English Grammar & Composition,₹376,https://images.meesho.com/images/products/405814799/ljnrl_400.webp,https://www.meesho.com/comprehensive-english-grammar-composition/p/6pm0pb,3.9,
Ssc gd Practice sets by Ankit bhati 2025,₹150,https://images.meesho.com/images/products/467188891/dl0l1_400.webp,https://www.meesho.com/ssc-gd-practice-sets-by-ankit-bhati-2025/p/7q5h97,4.1,
Educart Cbse Class 10 English Language and Question Bank 2024,₹575,https://images.meesho.com/images/products/419836725/fps2i_400.webp,https://www.meesho.com/educart-cbse-class-10-english-language-and-question-bank-2024/p/6xyk39,3.9,
Static GK Book | Compilation of Important Questions of TCS (Bilingual Printed Edition) By Adda247,₹195,https://images.meesho.com/images/products/325349146/fk993_400.webp,https://www.meesho.com/static-gk-book-by-pawan-moral-compilation-of-important-mcqs-of-tcs-for-ssc-cglssc-chslssc-mtsssc-gdup-policerailway-ntpcgroup-drailway-alprailway-rpf-exam-bilingual-printed-edition-by-adda247/p/5dpd0a,4.4,302 Reviews
Lucent High School English Grammar,₹213,https://images.meesho.com/images/products/433273164/jvcye_400.webp,https://www.meesho.com/lucent-high-school-english-grammar/p/75yjpo,4.0,
"BlackBook of English Vocabulary  (English, Paperback, Gupta Nikhil) 2024",₹280,https://images.meesho.com/images/products/466329536/a35ud_400.webp,https://www.meesho.com/blackbook-of-english-vocabulary-english-paperback-gupta-nikhil-2024/p/7pn268,4.4,
"Neetu Singh English Book Volume 1 2022??(Paperback, Neetu Singh)-Hindi Medium +Free GK Book",₹374,https://images.meesho.com/images/products/228551727/zs4rt_400.webp,https://www.meesho.com/neetu-singh-english-book-volume-1-2022-paperback-neetu-singh-english-mediumfree-gk-book/p/3s2nn3,3.9,
PW CUET (UG) General Test and English 2025 Combo Set of 2 Books l Chapterwise & Topicwise Question Bank with Past Year Questions and Mock Tests,₹560,https://images.meesho.com/images/products/443505269/gebru_400.webp,https://www.meesho.com/pw-cuet-ug-general-test-and-english-2025-combo-set-of-2-books-l-chapterwise-topicwise-question-bank-with-past-year-questions-and-mock-tests/p/7c1uut,4.7,12 Reviews
Speedy Hindi magazine December 2024 Issue From Jan to Dec 2024 Useful For All Competitive Exams with Latest GK Updates,₹129,https://images.meesho.com/images/products/465867445/sopa8_400.webp,https://www.meesho.com/speedy-hindi-magazine-december-2024-issue-from-jan-to-dec-2024-useful-for-all-competitive-exams-with-latest-gk-updates/p/7pd5md,4.5,
UPSC Mains Answer Writing Notebook for Practice Answer Sheet A4 NoteBook (200 Pages  X Pack of 2),₹269,https://images.meesho.com/images/products/461460638/gbhct_400.webp,https://www.meesho.com/upsc-mains-answer-writing-notebook-for-practice-answer-sheet-a4-notebook-200-pages-x-pack-of-2/p/7mqpb2,4.0,
Yojana English magazine December 2024 - Year End Special,₹49,https://images.meesho.com/images/products/463061495/uh9pa_400.webp,https://www.meesho.com/yojana-english-magazine-december-2024-year-end-special/p/7np0jb,4.5,
"One Liner General Study (Volume-2) NCERT based Class 6th to 12th in English by Mahesh Kumar Barnwal & Cosmos Publication  Economy, Science, Science-Tech, Computer, Sports, Awards, Miscellaneous Chapter Wise Revision Notes Useful for all Competitive Exams",₹275,https://images.meesho.com/images/products/377357015/y1g36_400.webp,https://www.meesho.com/one-liner-general-study-volume-2-ncert-based-class-6th-to-12th-in-english-by-mahesh-kumar-barnwal-cosmos-publication-economy-science-science-tech-computer-sports-awards-miscellaneous-chapter-wise-revision-notes-useful-for-all-competitive-exams/p/68o2jb,3.7,
English Paperback  SSC Books,₹243,https://images.meesho.com/images/products/422354984/xqrn8_400.webp,https://www.meesho.com/kd-publication-english-book-2023-upadated-by-neetu-singh/p/6zgj6w,4.2,279 Reviews
Sikhwal Reet English Level 1st & 2nd By Shringi Store,₹215,https://images.meesho.com/images/products/464108831/npcvl_400.webp,https://www.meesho.com/sikhwal-reet-english-level-1st-2nd-by-shringi-store/p/7obgnz,3.9,
"Spoken English (Four Colour Rare Book) Best Book For English Speaking  (Paperback, Hindi, Neetu Singh)",₹375,https://images.meesho.com/images/products/217864089/ztalm_400.webp,https://www.meesho.com/spoken-english-four-colour-rare-book-best-book-for-english-speaking-paperback-hindi-neetu-singh/p/3lpl09,3.5,14 Reviews
"Neetu Singh English Book Volume 1 2022??(Paperback, Neetu Singh)-Hindi Medium +Free GK Book",₹374,https://images.meesho.com/images/products/228551727/zs4rt_400.webp,https://www.meesho.com/neetu-singh-english-book-volume-1-2022-paperback-neetu-singh-english-mediumfree-gk-book/p/3s2nn3,3.9,
"Neetu Singh English Book Volume 1 2022??(Paperback, Neetu Singh)-Hindi Medium +Free GK Book",₹374,https://images.meesho.com/images/products/227247825/hj5n7_400.webp,https://www.meesho.com/neetu-singh-english-book-volume-1-2022-paperback-neetu-singh-english-mediumfree-gk-book/p/3rapjl,4.8,5 Reviews
Neetu Singh English Book (In Hindi)-Latest Edition 2022 + Free GK Book,₹374,https://images.meesho.com/images/products/228551722/hs8dy_400.webp,https://www.meesho.com/neetu-singh-english-book-in-english-latest-edition-2022-free-gk-book/p/3s2nmy,3.9,
"BlackBook Of English Vocabulary - 2022??(Paperback, K. Nikhil Gupta) SSC & Other Competetive Exams",₹334,https://images.meesho.com/images/products/228577443/xjz52_400.webp,https://www.meesho.com/neetu-singh-english-book-in-english-latest-edition/p/3s37hf,3.9,
Static GK Book | Compilation of Important Questions of TCS (Bilingual Printed Edition) By Adda247,₹195,https://images.meesho.com/images/products/325349146/fk993_400.webp,https://www.meesho.com/static-gk-book-by-pawan-moral-compilation-of-important-mcqs-of-tcs-for-ssc-cglssc-chslssc-mtsssc-gdup-policerailway-ntpcgroup-drailway-alprailway-rpf-exam-bilingual-printed-edition-by-adda247/p/5dpd0a,4.4,302 Reviews
BlackBook Of English Vocabulary -Janurary 2022- SSC Exams + Free GK Book,₹374,https://images.meesho.com/images/products/227771864/le9es_400.webp,https://www.meesho.com/neetu-singh-english-book-in-english-latest-edition-2022-ssc-exams-free-gk-book/p/3rlxw8,3.7,
Ssc gd Practice sets by Ankit bhati 2025,₹150,https://images.meesho.com/images/products/467188891/dl0l1_400.webp,https://www.meesho.com/ssc-gd-practice-sets-by-ankit-bhati-2025/p/7q5h97,4.1,
"BlackBook Of English Vocabulary - 2022??(Paperback, K. Nikhil Gupta) SSC & Other Competetive Exams+Free GK Book",₹374,https://images.meesho.com/images/products/227771854/k2ksw_400.webp,https://www.meesho.com/neetu-singh-english-book-in-english-latest-editionfree-gk-book/p/3rlxvy,3.7,
"Sikhwal Reet Samajik Adhyan For Level-2 For Class 6-8  (Paperback, Hindi, SIKHWAL PUBLICATION)",₹408,https://images.meesho.com/images/products/432539357/8p8la_400.webp,https://www.meesho.com/sikhwal-reet-samajik-adhyan-for-level-2-for-class-6-8-paperback-hindi-sikhwal-publication/p/75iti5,4.2,
Neetu Singh English Book (In Hindi)-Latest Edition 2022 -SSC Exams,₹334,https://images.meesho.com/images/products/227247871/kepmi_400.webp,https://www.meesho.com/neetu-singh-english-book-in-hindi-latest-edition-2022-ssc-exams/p/3rapkv,3.8,
BlackBook Of English Vocabulary - SSC Exams+Free GK Books,₹374,https://images.meesho.com/images/products/227771770/0imsz_400.webp,https://www.meesho.com/neetu-singh-english-book-in-english-latest-edition-2022-free-gk-book/p/3rlxtm,3.7,
"BlackBook Of English Vocabulary - 2022??(Paperback, K. Nikhil Gupta) SSC & Other Competetive Exams+Free GK Book",₹374,https://images.meesho.com/images/products/227771746/chtvz_400.webp,https://www.meesho.com/neetu-singh-english-book-in-english-latest-editionfree-gk-book/p/3rlxsy,3.7,
PW CUET (UG) General Test and English 2025 Combo Set of 2 Books l Chapterwise & Topicwise Question Bank with Past Year Questions and Mock Tests,₹560,https://images.meesho.com/images/products/443505269/gebru_400.webp,https://www.meesho.com/pw-cuet-ug-general-test-and-english-2025-combo-set-of-2-books-l-chapterwise-topicwise-question-bank-with-past-year-questions-and-mock-tests/p/7c1uut,4.7,12 Reviews
BlackBook Of English Vocabulary - SSC Exams,₹334,https://images.meesho.com/images/products/227247845/lxj2w_400.webp,https://www.meesho.com/neetu-singh-english-book-in-hindi-latest-edition-2022/p/3rapk5,3.8,
UPSC Mains Answer Writing Notebook for Practice Answer Sheet A4 NoteBook (200 Pages  X Pack of 2),₹269,https://images.meesho.com/images/products/461460638/gbhct_400.webp,https://www.meesho.com/upsc-mains-answer-writing-notebook-for-practice-answer-sheet-a4-notebook-200-pages-x-pack-of-2/p/7mqpb2,4.0,
Yojana English magazine December 2024 - Year End Special,₹49,https://images.meesho.com/images/products/463061495/uh9pa_400.webp,https://www.meesho.com/yojana-english-magazine-december-2024-year-end-special/p/7np0jb,4.5,
Neetu Singh English Book (In Hindi)-Latest Edition 2022 -SSC Exams-Best Book for English + Free GK Book,₹392,https://images.meesho.com/images/products/227771859/kksrr_400.webp,https://www.meesho.com/neetu-singh-english-book-in-hindi-latest-edition-2022-ssc-exams-best-book-for-english-free-gk-book/p/3rlxw3,3.7,
English Paperback  SSC Books,₹243,https://images.meesho.com/images/products/422354984/xqrn8_400.webp,https://www.meesho.com/kd-publication-english-book-2023-upadated-by-neetu-singh/p/6zgj6w,4.2,279 Reviews
Sikhwal Reet English Level 1st & 2nd By Shringi Store,₹215,https://images.meesho.com/images/products/464108831/npcvl_400.webp,https://www.meesho.com/sikhwal-reet-english-level-1st-2nd-by-shringi-store/p/7obgnz,3.9,
"Spoken English (Four Colour Rare Book) Best Book For English Speaking  (Paperback, Hindi, Neetu Singh)",₹375,https://images.meesho.com/images/products/217864089/ztalm_400.webp,https://www.meesho.com/spoken-english-four-colour-rare-book-best-book-for-english-speaking-paperback-hindi-neetu-singh/p/3lpl09,3.5,14 Reviews
"Neetu Singh English Book Volume 1 2022??(Paperback, Neetu Singh)-Hindi Medium +Free GK Book",₹374,https://images.meesho.com/images/products/228551727/zs4rt_400.webp,https://www.meesho.com/neetu-singh-english-book-volume-1-2022-paperback-neetu-singh-english-mediumfree-gk-book/p/3s2nn3,3.9,
"Neetu Singh English Book Volume 1 2022??(Paperback, Neetu Singh)-Hindi Medium +Free GK Book",₹374,https://images.meesho.com/images/products/227247825/hj5n7_400.webp,https://www.meesho.com/neetu-singh-english-book-volume-1-2022-paperback-neetu-singh-english-mediumfree-gk-book/p/3rapjl,4.8,5 Reviews
"BlackBook Of English Vocabulary - 2022??(Paperback, K. Nikhil Gupta) SSC & Other Competetive Exams",₹334,https://images.meesho.com/images/products/228577443/xjz52_400.webp,https://www.meesho.com/neetu-singh-english-book-in-english-latest-edition/p/3s37hf,3.9,
"BlackBook Of English Vocabulary - 2022??(Paperback, K. Nikhil Gupta) SSC & Other Competetive Exams",₹334,https://images.meesho.com/images/products/228551725/r8tph_400.webp,https://www.meesho.com/neetu-singh-english-book-in-english-latest-edition/p/3s2nn1,3.9,
Static GK Book | Compilation of Important Questions of TCS (Bilingual Printed Edition) By Adda247,₹195,https://images.meesho.com/images/products/325349146/fk993_400.webp,https://www.meesho.com/static-gk-book-by-pawan-moral-compilation-of-important-mcqs-of-tcs-for-ssc-cglssc-chslssc-mtsssc-gdup-policerailway-ntpcgroup-drailway-alprailway-rpf-exam-bilingual-printed-edition-by-adda247/p/5dpd0a,4.4,302 Reviews
Neetu Singh English Book (In Hindi)-Latest Edition 2022 + Free GK Book,₹374,https://images.meesho.com/images/products/228551722/hs8dy_400.webp,https://www.meesho.com/neetu-singh-english-book-in-english-latest-edition-2022-free-gk-book/p/3s2nmy,3.9,
Ssc gd Practice sets by Ankit bhati 2025,₹150,https://images.meesho.com/images/products/467188891/dl0l1_400.webp,https://www.meesho.com/ssc-gd-practice-sets-by-ankit-bhati-2025/p/7q5h97,4.1,
BlackBook Of English Vocabulary -Janurary 2022- SSC Exams,₹334,https://images.meesho.com/images/products/227771779/x6ojo_400.webp,https://www.meesho.com/neetu-singh-english-book-in-english-latest-edition-2022-ssc-exams/p/3rlxtv,3.6,7 Reviews
PW Shaurya NDA/NA English Book | National Defence Academy & Naval Academy Entrance Examination For 2024,₹161,https://images.meesho.com/images/products/442040673/ydges_400.webp,https://www.meesho.com/pw-shaurya-ndana-english-book-national-defence-academy-naval-academy-entrance-examination-for-2024/p/7b6grl,4.0,7 Reviews
BlackBook Of English Vocabulary -Janurary 2022- SSC Exams + Free GK Book,₹374,https://images.meesho.com/images/products/227771864/le9es_400.webp,https://www.meesho.com/neetu-singh-english-book-in-english-latest-edition-2022-ssc-exams-free-gk-book/p/3rlxw8,3.7,
Neetu Singh English Book (In Hindi)-Latest Edition 2022 -SSC Exams,₹334,https://images.meesho.com/images/products/227247871/kepmi_400.webp,https://www.meesho.com/neetu-singh-english-book-in-hindi-latest-edition-2022-ssc-exams/p/3rapkv,3.8,
Sikhwal Reet English Level 1st & 2nd,₹249,https://images.meesho.com/images/products/439513115/rclcj_400.webp,https://www.meesho.com/sikhwal-reet-english-level-1st-2nd/p/79oahn,4.0,
"Sikhwal Reet Samajik Adhyan For Level-2 For Class 6-8  (Paperback, Hindi, SIKHWAL PUBLICATION)",₹408,https://images.meesho.com/images/products/432539357/8p8la_400.webp,https://www.meesho.com/sikhwal-reet-samajik-adhyan-for-level-2-for-class-6-8-paperback-hindi-sikhwal-publication/p/75iti5,4.2,
"BlackBook Of English Vocabulary - 2022??(Paperback, K. Nikhil Gupta) SSC & Other Competetive Exams+Free GK Book",₹374,https://images.meesho.com/images/products/227771854/k2ksw_400.webp,https://www.meesho.com/neetu-singh-english-book-in-english-latest-editionfree-gk-book/p/3rlxvy,3.7,
UPSC Mains Answer Writing Notebook for Practice Answer Sheet A4 NoteBook (200 Pages  X Pack of 2),₹269,https://images.meesho.com/images/products/461460638/gbhct_400.webp,https://www.meesho.com/upsc-mains-answer-writing-notebook-for-practice-answer-sheet-a4-notebook-200-pages-x-pack-of-2/p/7mqpb2,4.0,
BlackBook Of English Vocabulary - SSC Exams+Free GK Books,₹374,https://images.meesho.com/images/products/227771770/0imsz_400.webp,https://www.meesho.com/neetu-singh-english-book-in-english-latest-edition-2022-free-gk-book/p/3rlxtm,3.7,
Yojana English magazine December 2024 - Year End Special,₹49,https://images.meesho.com/images/products/463061495/uh9pa_400.webp,https://www.meesho.com/yojana-english-magazine-december-2024-year-end-special/p/7np0jb,4.5,
Bharat Ki Rajvyavastha for UPSC (Hindi) | 7th Edition | Civil Services Exam | State Administrative Exams,₹398,https://images.meesho.com/images/products/434062835/icvrp_400.webp,https://www.meesho.com/bharat-ki-rajvyavastha-for-upsc-hindi-7th-edition-civil-services-exam-state-administrative-exams/p/76fh0z,4.3,190 Reviews
Sikhwal Reet English Level 1st & 2nd By Shringi Store,₹215,https://images.meesho.com/images/products/464108831/npcvl_400.webp,https://www.meesho.com/sikhwal-reet-english-level-1st-2nd-by-shringi-store/p/7obgnz,3.9,
"Spoken English (Four Colour Rare Book) Best Book For English Speaking  (Paperback, Hindi, Neetu Singh)",₹375,https://images.meesho.com/images/products/217864089/ztalm_400.webp,https://www.meesho.com/spoken-english-four-colour-rare-book-best-book-for-english-speaking-paperback-hindi-neetu-singh/p/3lpl09,3.5,14 Reviews
Neetu Singh English Book (In Hindi)-Latest Edition+ Word Power Made Easy,₹521,https://images.meesho.com/images/products/228551747/gajsb_400.webp,https://www.meesho.com/neetu-singh-english-book-in-english-latest-edition-word-power-made-easy/p/3s2nnn,3.9,
Neetu Singh English Book (In Hindi)-Latest Edition+ Word Power Made Easy,₹521,https://images.meesho.com/images/products/227247880/boaxe_400.webp,https://www.meesho.com/neetu-singh-english-book-in-english-latest-edition-word-power-made-easy/p/3rapl4,3.8,
Neetu Singh English Book (In Hindi)-Latest Edition 2022 + Word Power Made Easy,₹521,https://images.meesho.com/images/products/228551716/udrro_400.webp,https://www.meesho.com/neetu-singh-english-book-in-hindi-latest-edition-2022-word-power-made-easy/p/3s2nms,3.9,
Neetu Singh English Book (In English)-Latest Edition 2022 + Word Power Made Easy,₹521,https://images.meesho.com/images/products/227247883/3rn4a_400.webp,https://www.meesho.com/neetu-singh-english-book-in-hindi-latest-edition-2022-word-power-made-easy/p/3rapl7,3.8,
"Sikhwal Reet Samajik Adhyan For Level-2 For Class 6-8  (Paperback, Hindi, SIKHWAL PUBLICATION)",₹408,https://images.meesho.com/images/products/432539357/8p8la_400.webp,https://www.meesho.com/sikhwal-reet-samajik-adhyan-for-level-2-for-class-6-8-paperback-hindi-sikhwal-publication/p/75iti5,4.2,
"Neetu Singh English Book Volume 1 2022??(Paperback, Neetu Singh)-Hindi Medium+ Word Power Made Easy",₹521,https://images.meesho.com/images/products/228578390/owrzp_400.webp,https://www.meesho.com/neetu-singh-english-book-volume-1-2022-paperback-neetu-singh-english-medium-word-power-made-easy/p/3s387q,3.9,
Ssc gd Practice sets by Ankit bhati 2025,₹150,https://images.meesho.com/images/products/467188891/dl0l1_400.webp,https://www.meesho.com/ssc-gd-practice-sets-by-ankit-bhati-2025/p/7q5h97,4.1,
"BlackBook Of English Vocabulary - 2022??(Paperback, K. Nikhil Gupta) SSC & Other Competetive Exams",₹334,https://images.meesho.com/images/products/228551725/r8tph_400.webp,https://www.meesho.com/neetu-singh-english-book-in-english-latest-edition/p/3s2nn1,3.9,
PW CUET (UG) General Test and English 2025 Combo Set of 2 Books l Chapterwise & Topicwise Question Bank with Past Year Questions and Mock Tests,₹560,https://images.meesho.com/images/products/443505269/gebru_400.webp,https://www.meesho.com/pw-cuet-ug-general-test-and-english-2025-combo-set-of-2-books-l-chapterwise-topicwise-question-bank-with-past-year-questions-and-mock-tests/p/7c1uut,4.7,12 Reviews
"Neetu Singh English Book Volume 1 2022??(Paperback, Neetu Singh)-Hindi Medium +Free GK Book",₹374,https://images.meesho.com/images/products/228551727/zs4rt_400.webp,https://www.meesho.com/neetu-singh-english-book-volume-1-2022-paperback-neetu-singh-english-mediumfree-gk-book/p/3s2nn3,3.9,
"BlackBook Of English Vocabulary - 2022??(Paperback, K. Nikhil Gupta) SSC & Other Competetive Exams",₹334,https://images.meesho.com/images/products/228577443/xjz52_400.webp,https://www.meesho.com/neetu-singh-english-book-in-english-latest-edition/p/3s37hf,3.9,
Neetu Singh English Book (In English)-Latest Edition 2022 + Word Power Made Easy,₹521,https://images.meesho.com/images/products/227771839/nmdjk_400.webp,https://www.meesho.com/neetu-singh-english-book-in-english-latest-edition-2022-word-power-made-easy/p/3rlxvj,3.7,
Static GK Book | Compilation of Important Questions of TCS (Bilingual Printed Edition) By Adda247,₹195,https://images.meesho.com/images/products/325349146/fk993_400.webp,https://www.meesho.com/static-gk-book-by-pawan-moral-compilation-of-important-mcqs-of-tcs-for-ssc-cglssc-chslssc-mtsssc-gdup-policerailway-ntpcgroup-drailway-alprailway-rpf-exam-bilingual-printed-edition-by-adda247/p/5dpd0a,4.4,302 Reviews
"Neetu Singh English Book Volume 1 2022??(Paperback, Neetu Singh)-Hindi Medium +Free GK Book",₹374,https://images.meesho.com/images/products/227247825/hj5n7_400.webp,https://www.meesho.com/neetu-singh-english-book-volume-1-2022-paperback-neetu-singh-english-mediumfree-gk-book/p/3rapjl,4.8,5 Reviews
UPSC Mains Answer Writing Notebook for Practice Answer Sheet A4 NoteBook (200 Pages  X Pack of 2),₹269,https://images.meesho.com/images/products/461460638/gbhct_400.webp,https://www.meesho.com/upsc-mains-answer-writing-notebook-for-practice-answer-sheet-a4-notebook-200-pages-x-pack-of-2/p/7mqpb2,4.0,
Helps To The Study Of PSC Clerkship Part-II Exam (Bengali Version),₹257,https://images.meesho.com/images/products/268435216/cjhxy_400.webp,https://www.meesho.com/helps-to-the-study-of-psc-clerkship-part-ii-exam-bengali-version/p/4fthxs,4.0,
Neetu Singh English Book (In English)-Latest Edition 2022 + Word Power Made Easy,₹521,https://images.meesho.com/images/products/227771757/gp1ij_400.webp,https://www.meesho.com/neetu-singh-english-book-in-hindi-latest-edition-2022-word-power-made-easy/p/3rlxt9,3.7,
Standard Dictionary English to kannada,₹417,https://images.meesho.com/images/products/465380024/lvpsy_400.webp,https://www.meesho.com/standard-dictionary-english-to-kannada/p/7p2piw,,
Spoken English Guru Practice Exercises Book (Basic to Advance Level - English Grammar & Spoken English Topics Practice),₹174,https://images.meesho.com/images/products/191171526/utns4_400.webp,https://www.meesho.com/practice-exercises-book-by-spoken-english-guru-basic-to-advance-level-english-grammar-spoken-english-topics-practice/p/35tgw6,3.8,350 Reviews
Samanya Hindi Evam Samkshipt Vyakaran (Hindi),₹223,https://images.meesho.com/images/products/287401645/imvcs_400.webp,https://www.meesho.com/samanya-hindi-evam-samkshipt-vyakaran-hindi/p/4r40j1,3.6,18 Reviews
Pegasus Primary English Grammar for Class 5 Students,₹145,https://images.meesho.com/images/products/122687822/dktl8_400.webp,https://www.meesho.com/pegasus-primary-english-grammar-for-class-3-students/p/211mj2,4.2,156 Reviews
Dictionary of Synonyms and Antonyms - For All Competitive Exams-A handy booklet for all types competitive examinations for students,₹170,https://images.meesho.com/images/products/117294966/nvxth_400.webp,https://www.meesho.com/dictionary-of-synonyms-and-antonyms-for-all-competitive-exams-a-handy-booklet-for-all-types-competitive-examinations-for-students/p/1xu1di,4.1,8 Reviews
"English For General Competitions (Vol-1 Hindi)  (Paperback, Hindi, Neetu Singh)",₹253,https://images.meesho.com/images/products/299450221/uxsp0_400.webp,https://www.meesho.com/english-for-general-competitions-vol-1-hindi-paperback-hindi-neetu-singh/p/4ya99p,4.2,47 Reviews
LUCENT Sampuran Hindi Vyakaran Aur Rachna,₹249,https://images.meesho.com/images/products/319832792/bpdjq_400.webp,https://www.meesho.com/lucent-sampuran-hindi-vyakaran-aur-rachna/p/5af4k8,4.1,8 Reviews
VASHISTA 360 ZERO TO HERO SPOKEN ENGLISH (TELUGU) BOOK BY VAMSHI KRISHNA,₹340,https://images.meesho.com/images/products/413551439/hr2k6_400.webp,https://www.meesho.com/vashista-360-zero-to-hero-spoken-english-telugu-book-by-vamshi-krishna/p/6u7ubz,3.8,33 Reviews
RAPIDEX ENGLISH KANNADA DICTIONARY,₹233,https://images.meesho.com/images/products/292895031/jfi1n_400.webp,https://www.meesho.com/rapidex-english-kannada-dictionary/p/4udr93,4.8,13 Reviews
"Comprehensive English Grammar - english grammar  (Hindi, Paperback, Singh Dayaram)",₹263,https://images.meesho.com/images/products/245026704/pxfa8_400.webp,https://www.meesho.com/comprehensive-english-grammar-english-grammar-hindi-paperback-singh-dayaram/p/41vrtc,4.2,9 Reviews
CTET QUESTION BANK PAPER 1 class1-5,₹392,https://images.meesho.com/images/products/405808904/86gop_400.webp,https://www.meesho.com/ctet-question-bank-paper-1-class1-5/p/6plw5k,5.0,4 Reviews
Kannada Paperback  Dictionaries,₹234,https://images.meesho.com/images/products/372487698/uqymk_400.webp,https://www.meesho.com/rapidex-english-kannada-dictionary-paperback-15-september-2012/p/65rpci,4.2,
Mini English Speaking Course,₹152,https://images.meesho.com/images/products/240035210/xpril_400.webp,https://www.meesho.com/mini-english-speaking-course/p/3ywscq,4.1,37 Reviews
Rapidex English Speaking Course,₹270,https://images.meesho.com/images/products/167513477/mnplr_400.webp,https://www.meesho.com/rapidex-english-speaking-course/p/2rqe85,4.0,
PERFECT ENGLISH SPEAKING COURSE Unknown Binding,₹354,https://images.meesho.com/images/products/230974886/txbg2_400.webp,https://www.meesho.com/perfect-english-speaking-course-unknown-binding/p/3tild2,3.9,
RAPIDEX ENGLISH KANNADA DICTIONARY Paperback – Big Book,₹254,https://images.meesho.com/images/products/448182721/0ou2c_400.webp,https://www.meesho.com/rapidex-english-kannada-dictionary-paperback-big-book/p/7eu401,4.2,
"Neetu Singh Volume 1 | English | For All Government Exams  (Paperback, Neetu Singh)",₹227,https://images.meesho.com/images/products/354762118/3om8m_400.webp,https://www.meesho.com/neetu-singh-volume-1-english-for-all-government-exams-paperback-neetu-singh/p/5v7s7a,4.1,104 Reviews
English by Neetu SIngh Vol - 1 (Hindi Medium) | Kd Publication | New 2022,₹356,https://images.meesho.com/images/products/254592389/k3te7_400.webp,https://www.meesho.com/english-by-neetu-singh-vol-1-hindi-medium-kd-publication-new-2022/p/47ksqt,4.3,6 Reviews
"Rapidex Hindi-Tamil Learning Course (With CD) 1 Edition  (Tamil, Paperback, R. Gupta)",₹197,https://images.meesho.com/images/products/297637813/qiluo_400.webp,https://www.meesho.com/rapidex-hindi-tamil-learning-course-with-cd-1-edition-tamil-paperback-r-gupta/p/4x7et1,4.1,
"Comprehensive English Grammar - english grammar  (Hindi, Paperback, Singh Dayaram)",₹292,https://images.meesho.com/images/products/245018653/0noby_400.webp,https://www.meesho.com/comprehensive-english-grammar-english-grammar-hindi-paperback-singh-dayaram/p/41vllp,4.1,
I don't love you anymore by Rithvik Singh,₹137,https://images.meesho.com/images/products/400230684/d1anv_400.webp,https://www.meesho.com/i-dont-love-you-anymore-by-rithvik-singh/p/6mabz0,4.1,171 Reviews
BlackBook of English Vocabulary May 2024 by Nikhil Gupta,₹258,https://images.meesho.com/images/products/464158594/rwuld_400.webp,https://www.meesho.com/blackbook-of-english-vocabulary-may-2024-by-nikhil-gupta/p/7ocj2a,3.9,
"blackbook of english vocab 2024-25  (Paperback, NIKHILL)",₹256,https://images.meesho.com/images/products/464168595/2k1rp_400.webp,https://www.meesho.com/blackbook-of-english-vocab-2024-25-paperback-nikhill/p/7ocqs3,3.9,
BlackBook of English Vocabulary May 2024 by Nikhil Gupta,₹273,https://images.meesho.com/images/products/464160505/9iseg_400.webp,https://www.meesho.com/blackbook-of-english-vocabulary-may-2024-by-nikhil-gupta/p/7ockjd,4.0,
BlackBook of English Vocabulary May 2024 by Nikhil Gupta Paperback,₹275,https://images.meesho.com/images/products/466331218/xdae3_400.webp,https://www.meesho.com/blackbook-of-english-vocabulary-may-2024-by-nikhil-gupta-paperback/p/7pn3gy,4.4,
Think and Grow Rich (Hindi) (Hindi Edition) + Shakti Ke 48 Niyam - Hindi (Hindi Edition) + the secret hindi + Agni Ki Udaan,₹353,https://images.meesho.com/images/products/460276252/gb12h_400.webp,https://www.meesho.com/think-and-grow-rich-hindi-hindi-edition-shakti-ke-48-niyam-hindi-hindi-edition-the-secret-hindi-agni-ki-udaan/p/7m1bfg,4.4,
BD Chaurasia’s Handbook of General Anatomy  By Krishna garg,₹299,https://images.meesho.com/images/products/389825525/cdnko_400.webp,https://www.meesho.com/bd-chaurasias-handbook-of-general-anatomy-by-krishna-garg/p/6g3bat,3.7,
Apke Avchetan Man Ki Shakti (the Power of Your Subconscious Mind in Hindi medium) by Joseph Murphy,₹183,https://images.meesho.com/images/products/403660432/ngt7k_400.webp,https://www.meesho.com/apke-avchetan-man-ki-shakti-the-power-of-your-subconscious-mind-in-hindi-medium-by-joseph-murphy/p/6obuds,4.4,129 Reviews
Deep Work + Rich Dad Poor Dad + Ikiagi ( Hindi ),₹230,https://images.meesho.com/images/products/440392929/eofoq_400.webp,https://www.meesho.com/deep-work-rich-dad-poor-dad-ikiagi-hindi/p/7a75cx,4.1,
GK Lucent Book 2024 in English With Free GK Book [ Best GK Book for All Government Exams],₹348,https://images.meesho.com/images/products/391646633/ebuys_400.webp,https://www.meesho.com/gk-lucent-book-2024-in-english-with-free-gk-book-best-gk-book-for-all-government-exams/p/6h6ch5,4.0,
"blackbook of english vocab 2024-25  (Paperback, NIKHILL)",₹278,https://images.meesho.com/images/products/464162971/dz9qs_400.webp,https://www.meesho.com/blackbook-of-english-vocab-2024-25-paperback-nikhill/p/7ocmfv,4.0,
"Socho Aur Ameer Ho Jayo  (Hindi, Paperback, Hill Napoleon)",₹182,https://images.meesho.com/images/products/116060399/izxqt_400.webp,https://www.meesho.com/socho-aur-ameer-ho-jayo-hindi-paperback-hill-napoleon/p/1x3krz,3.9,713 Reviews
Nirmala,₹99,https://images.meesho.com/images/products/217886436/rct8o_400.webp,https://www.meesho.com/nirmala/p/3lq290,4.2,6 Reviews
BlackBook of Samanya Jagrukta (General Awareness) - Hindi March 2023 by Nikhil Gupta,₹329,https://images.meesho.com/images/products/466009988/ihv3g_400.webp,https://www.meesho.com/blackbook-of-samanya-jagrukta-general-awareness-hindi-march-2023-by-nikhil-gupta/p/7pg7lw,4.0,
"Rich Dad Poor Dad In Hindi by Robert T. Kiyosaki. Hindi book of financial literacy, financial independence and building wealth through investing in assets,. non - fiction and self help, to develop personal finance book. One must have in their collection book.",₹104,https://images.meesho.com/images/products/243653714/qeeca_400.webp,https://www.meesho.com/rich-dad-poor-dad-in-hindi-by-robert-t-kiyosaki-hindi-book-of-financial-literacy-financial-independence-and-building-wealth-through-investing-in-assets-non-fiction-and-self-help-to-develop-personal-finance-book-one-must-have-in-their-collection-book/p/412ceq,4.3,14479 Reviews
The Psychology of Money: by Morgan Housel,₹124,https://images.meesho.com/images/products/444860469/qqjio_400.webp,https://www.meesho.com/the-psychology-of-money-by-morgan-housel/p/7cuwj9,4.1,10 Reviews
Essentials of Pediatric Nursing by Rimple Sharma (As per revised INC Syllabus) - Nursing Book for Students,₹502,https://images.meesho.com/images/products/259893380/zunjn_400.webp,https://www.meesho.com/essentials-of-pediatric-nursing-by-rimple-sharma-as-per-revised-inc-syllabus-nursing-book-for-students/p/4aqf0k,4.0,
Mathematics for Class 6 R.S. Aggarwal Examination,₹352,https://images.meesho.com/images/products/262155831/2hbc9_400.webp,https://www.meesho.com/mathematics-for-class-6-rs-aggarwal-examination/p/4c2wqf,4.0,5 Reviews
"Inderbir Singh's Textbook of Human Histology With Colour Atlas and Practical Guide  (English, Paperback, K Pushpalatha)",₹480,https://images.meesho.com/images/products/363855778/mdrjp_400.webp,https://www.meesho.com/inderbir-singhs-textbook-of-human-histology-with-colour-atlas-and-practical-guide-english-paperback-k-pushpalatha/p/60mowy,3.9,
Aughad - Hindi Paperback – 4 February 2019,₹191,https://images.meesho.com/images/products/455852426/lx7cv_400.webp,https://www.meesho.com/aughad-hindi-paperback-4-february-2019/p/7jehze,4.1,
It Starts With Us by Collen Hoover,₹129,https://images.meesho.com/images/products/444866953/flvxw_400.webp,https://www.meesho.com/it-starts-with-us-by-collen-hoover/p/7cv1jd,3.7,6 Reviews
General Knowledge - Lucent Gk(English),₹251,https://images.meesho.com/images/products/464119950/njcak_400.webp,https://www.meesho.com/general-knowledge-lucent-gkenglish/p/7obp8u,3.9,
Mathematics formulae for school students | English| Paperback| Academic Book| V&S Publishers| Book| 9789350578803,₹286,https://images.meesho.com/images/products/318879229/oanev_400.webp,https://www.meesho.com/mathematics-formulae-for-school-students-english-paperback-academic-book-vs-publishers-book-9789350578803/p/59uosd,4.1,
YOUTH COMPETITION TIMES RO/ARO SOLVED PAPER 11th EDITION 2024-25 (SAMANYA ADDYAN & SAMANYA HINDI) Paperback – 30 September 2024,₹348,https://images.meesho.com/images/products/454239964/dsboe_400.webp,https://www.meesho.com/youth-competition-times-roaro-solved-paper-11th-edition-2024-25-samanya-addyan-samanya-hindi-paperback-30-september-2024/p/7ifxss,4.1,
Dhan-Sampatti Ka Manovigyan,₹119,https://images.meesho.com/images/products/444858147/osevb_400.webp,https://www.meesho.com/dhan-sampatti-ka-manovigyan/p/7cuuqr,4.2,15 Reviews
Combo of 2 book set- TIME MANAGEMENT+Warren Buffett Ke Nivesh Ke Rahasya -Hindi paperback,₹227,https://images.meesho.com/images/products/450231781/i0ieu_400.webp,https://www.meesho.com/combo-of-2-book-set-time-managementwarren-buffett-ke-nivesh-ke-rahasya-hindi-paperback/p/7g212d,4.1,
"Rajniti Vigyan  (Hindi, Paperback, Mishra Rajesh)",₹264,https://images.meesho.com/images/products/361185361/rg0fw_400.webp,https://www.meesho.com/rajniti-vigyan-hindi-paperback-mishra-rajesh/p/5z1gep,3.9,
WING OF FIRE Self-Help books,₹153,https://images.meesho.com/images/products/155726105/goiax_400.webp,https://www.meesho.com/wing-of-fire-self-help-books/p/2kpr15,4.2,
Rich Dad Poor Dad - 20Th Anniversary Edition - Hindi,₹244,https://images.meesho.com/images/products/71898278/hgrer_400.webp,https://www.meesho.com/rich-dad-poor-dad-20th-anniversary-edition-hindi/p/16t12e,4.4,918 Reviews
Trendy New Self-Help books,₹129,https://images.meesho.com/images/products/393122737/1gv4v_400.webp,https://www.meesho.com/gitanjali/p/6i1zg1,4.1,
ARIHANT ENGLISH GRAMMAR & COMPOSITION,₹364,https://images.meesho.com/images/products/389821787/pgxey_400.webp,https://www.meesho.com/arihant-english-grammar-composition/p/6g38ez,3.7,
GK Lucent Book 2024 in English With Free GK Book [ Best GK Book for All Government Exams],₹353,https://images.meesho.com/images/products/391641284/lh4jl_400.webp,https://www.meesho.com/gk-lucent-book-2024-in-english-with-free-gk-book-best-book-for-all-government-exams/p/6h68ck,4.1,
"Vyaktitva ka Manovigyan: The Psychology of Personality  (Paperback, Arun Kumar Singh)",₹421,https://images.meesho.com/images/products/405450761/po6pa_400.webp,https://www.meesho.com/vyaktitva-ka-manovigyan-the-psychology-of-personality-paperback-arun-kumar-singh/p/6pe7t5,4.3,
Hindi Bhasha Evam Sahitya Ka Vast. Itihas,₹228,https://images.meesho.com/images/products/455938932/0mogl_400.webp,https://www.meesho.com/hindi-bhasha-evam-sahitya-ka-vast-itihas/p/7jgcqc,4.0,
Trendy Self-Help books,₹201,https://images.meesho.com/images/products/465427287/xnlmu_400.webp,https://www.meesho.com/hyperfocus-how-to-work-less-to-achieve-more-paperback-bailey/p/7p3pzr,,
Combo of 2 book set-The Parable of Pipeline+Bechna seekho Aur safl bano -Hindi Paperback,₹239,https://images.meesho.com/images/products/445678501/tjirp_400.webp,https://www.meesho.com/combo-of-2-book-set-the-parable-of-pipelinebechna-seekho-aur-safl-bano-hindi-paperback/p/7dcfqd,4.1,
Hindu Dharm ki Mahagatha,₹239,https://images.meesho.com/images/products/138393291/b4bcm_400.webp,https://www.meesho.com/hindu-dharm-ki-mahagatha/p/2ae8y3,4.1,
Half Girlfriend + One Indian Girl,₹284,https://images.meesho.com/images/products/441268297/6cch6_400.webp,https://www.meesho.com/half-girlfriend-one-indian-girl/p/7apwsp,4.1,
Combo of 2 book set-The Power of Positive Thinking +The Power of Your Subconscious Mind-Paperback,₹231,https://images.meesho.com/images/products/362928744/ziorj_400.webp,https://www.meesho.com/combo-of-2-book-set-the-power-of-positive-thinking-the-power-of-your-subconscious-mind-paperback/p/602tm0,4.3,
"LUCENT SAMANYA GYAN GK HINDI + SAMANYA GYAN ( MANOHAR PANDEY ) Combo Set Of 2 Books (Paperback, LUCENT EXPERTS)  (Paperback, Hindi, Lucnet & Manohar Pandey)",₹330,https://images.meesho.com/images/products/432888420/pcbsc_400.webp,https://www.meesho.com/lucent-samanya-gyan-gk-hindi-samanya-gyan-manohar-pandey-combo-set-of-2-books-paperback-lucent-experts-paperback-hindi-lucnet-manohar-pandey/p/75qauc,3.9,
UPSC Mains Answer Writing Copy Booklet - 200 Pages per Book A4 Size Spiral Bound (PACK OF 1 ),₹157,https://images.meesho.com/images/products/461458148/msbpn_400.webp,https://www.meesho.com/upsc-mains-answer-writing-copy-booklet-200-pages-per-book-a4-size-spiral-bound-pack-of-1/p/7mqndw,3.8,4 Reviews
"Static GK by Ankit Bhati Sir  (Paperback, Ankit Bhati)",₹154,https://images.meesho.com/images/products/464670909/womrg_400.webp,https://www.meesho.com/static-gk-by-ankit-bhati-sir-paperback-ankit-bhati/p/7onid9,4.1,
"blackbook of english vocab 2024-25  (Paperback, NIKHILL)",₹256,https://images.meesho.com/images/products/464168595/2k1rp_400.webp,https://www.meesho.com/blackbook-of-english-vocab-2024-25-paperback-nikhill/p/7ocqs3,3.9,
English Vocabulary Book,₹369,https://images.meesho.com/images/products/456579992/oqs1n_400.webp,https://www.meesho.com/the-english-pro-vocabulary-book/p/7ju3dk,,
BOOK,₹640,https://images.meesho.com/images/products/465326865/agoq9_400.webp,https://www.meesho.com/book/p/7p1ki9,4.3,
BlackBook of English Vocabulary May 2024 by Nikhil Gupta Paperback,₹275,https://images.meesho.com/images/products/466331218/xdae3_400.webp,https://www.meesho.com/blackbook-of-english-vocabulary-may-2024-by-nikhil-gupta-paperback/p/7pn3gy,4.4,
CBCS English Honours Hand Book on 18th Century BRITISH LITERATURE CC-10; Semester-4 for C.U,₹402,https://images.meesho.com/images/products/136381506/mcyia_400.webp,https://www.meesho.com/cbcs-english-honours-hand-book-on-18th-century-british-literature-cc-10-semester-4-for-cu/p/2974n6,4.1,
"Sikhwal Reet Samajik Adhyan For Level-2 For Class 6-8  (Paperback, Hindi, SIKHWAL PUBLICATION)",₹408,https://images.meesho.com/images/products/432539357/8p8la_400.webp,https://www.meesho.com/sikhwal-reet-samajik-adhyan-for-level-2-for-class-6-8-paperback-hindi-sikhwal-publication/p/75iti5,4.2,
Sainik School Guide Book Class 9 for Entrance Exam (AISSEE) 2025 English Medium,₹387,https://images.meesho.com/images/products/467241097/xmeao_400.webp,https://www.meesho.com/sainik-school-guide-book-class-9-for-entrance-exam-aissee-2025-english-medium/p/7q6ljd,3.9,
UPSC Mains Answer Writing Notebook for Practice Answer Sheet A4 NoteBook (200 Pages  X Pack of 2),₹269,https://images.meesho.com/images/products/461460638/gbhct_400.webp,https://www.meesho.com/upsc-mains-answer-writing-notebook-for-practice-answer-sheet-a4-notebook-200-pages-x-pack-of-2/p/7mqpb2,4.0,
Spoken English Vocabulary (Volume 2) by Dharmendra Sir,₹299,https://images.meesho.com/images/products/454226769/whqlp_400.webp,https://www.meesho.com/spoken-english-vocabulary-volume-2-by-dharmendra-sir/p/7ifnm9,3.9,
PW CUET (UG) General Test and English 2025 Combo Set of 2 Books l Chapterwise & Topicwise Question Bank with Past Year Questions and Mock Tests,₹560,https://images.meesho.com/images/products/443505269/gebru_400.webp,https://www.meesho.com/pw-cuet-ug-general-test-and-english-2025-combo-set-of-2-books-l-chapterwise-topicwise-question-bank-with-past-year-questions-and-mock-tests/p/7c1uut,4.7,12 Reviews
"Entire English Grammar Handwritten Notes Book for SSC, Railways, Bank, Teaching, All State & Other Competitive Exams (Printed Edition) By Adda247",₹390,https://images.meesho.com/images/products/307369541/8xqyq_400.webp,https://www.meesho.com/entire-english-grammar-handwritten-notes-book-for-ssc-railways-bank-teaching-all-state-other-competitive-exams-printed-edition-by-adda247/p/52zzut,3.6,15 Reviews
General knowledge 2023 (Hindi),₹554,https://images.meesho.com/images/products/220813490/u3ghz_400.webp,https://www.meesho.com/master-reasoning-verbal-non-verbal-ananlytical-hindi/p/3ngss2,4.8,5 Reviews
Sainik School Guide Book Class 9 for Entrance Exam (AISSEE) 2025 English Medium,₹379,https://images.meesho.com/images/products/467239642/zzopx_400.webp,https://www.meesho.com/sainik-school-guide-book-class-9-for-entrance-exam-aissee-2025-english-medium/p/7q6key,3.9,
Bare Act Bharat Ka Samvidhan (The Constitution Of India) 2023,₹210,https://images.meesho.com/images/products/248343653/ql7lm_400.webp,https://www.meesho.com/bare-act-bharat-ka-samvidhan-the-constitution-of-india-2023/p/43uv6t,3.6,17 Reviews
Sainik School Guide Book Class 9 for Entrance Exam (AISSEE) 2025 English Medium,₹376,https://images.meesho.com/images/products/467240721/cv0oq_400.webp,https://www.meesho.com/sainik-school-guide-book-class-9-for-entrance-exam-aissee-2025-english-medium/p/7q6l8x,3.9,
Ssc gd Practice sets by Ankit bhati 2025,₹150,https://images.meesho.com/images/products/467188891/dl0l1_400.webp,https://www.meesho.com/ssc-gd-practice-sets-by-ankit-bhati-2025/p/7q5h97,4.1,
General English (Bilingual Book),₹215,https://images.meesho.com/images/products/459990591/fqdsh_400.webp,https://www.meesho.com/general-english-bilingual-book/p/7lv70f,,
ADDA PUBLICATION A COMPLETE BOOK OF PUZZLE AND SEATING ARRANGEMENT LATEST EDITION 3200+QUESTION,₹542,https://images.meesho.com/images/products/443403748/vehnj_400.webp,https://www.meesho.com/adda-publication-a-complete-book-of-puzzle-and-seating-arrangement-latest-edition-3200question/p/7bzois,4.1,
Static GK Book | Compilation of Important Questions of TCS (Bilingual Printed Edition) By Adda247,₹195,https://images.meesho.com/images/products/325349146/fk993_400.webp,https://www.meesho.com/static-gk-book-by-pawan-moral-compilation-of-important-mcqs-of-tcs-for-ssc-cglssc-chslssc-mtsssc-gdup-policerailway-ntpcgroup-drailway-alprailway-rpf-exam-bilingual-printed-edition-by-adda247/p/5dpd0a,4.4,302 Reviews
BlackBook of English Vocabulary May 2024 by Nikhil Gupta,₹258,https://images.meesho.com/images/products/464158594/rwuld_400.webp,https://www.meesho.com/blackbook-of-english-vocabulary-may-2024-by-nikhil-gupta/p/7ocj2a,3.9,
PARMAN SSC CLASS NOTES GEOGRAPHY (ENGLISH),₹190,https://images.meesho.com/images/products/454696623/zbsua_400.webp,https://www.meesho.com/parman-ssc-class-notes-geography-english/p/7ipq5r,4.2,
"Upsc Mains Answer Writing Booklet (200 pages in one booklet, Pack of 2), A4 Wirebound Notebook 200 Pages, Pack of 2)",₹279,https://images.meesho.com/images/products/466219277/d6ipm_400.webp,https://www.meesho.com/upsc-mains-answer-writing-booklet-200-pages-in-one-booklet-pack-of-2-a4-wirebound-notebook-200-pages-pack-of-2/p/7pkp3h,4.0,
"Arihant Success Master IBPS 2024 Bank Clerk Pre Exam CRP-XIV Paperback – 7 January 2024 by Abhishek Jain Piyush Kaushik , Amit Tanwar (Author)",₹345,https://images.meesho.com/images/products/428356457/ks4uo_400.webp,https://www.meesho.com/arihant-success-master-ibps-2024-bank-clerk-pre-exam-crp-xiv-paperback-7-january-2024-by-abhishek-jain-piyush-kaushik-amit-tanwar-author/p/7315yh,4.2,
IFAS_Publications CUET PG English PYQ Book - Topic wise Previous Year (2022-2024) Questions with Solved Papers | 5 Mock Test for Exam Practice | Best Book for all MSc Entrance Exam - IFAS Publications,₹291,https://images.meesho.com/images/products/433936141/rpmjo_400.webp,https://www.meesho.com/ifaspublications-cuet-pg-english-pyq-book-topic-wise-previous-year-2022-2024-questions-with-solved-papers-5-mock-test-for-exam-practice-best-book-for-all-msc-entrance-exam-ifas-publications/p/76cr9p,4.2,
TRICKBOOK of General Knowledge,₹265,https://images.meesho.com/images/products/437214171/yh6we_400.webp,https://www.meesho.com/trickbook-of-general-knowledge/p/78b0m3,4.2,
General studies one liners 26000+Chapter wise English medium 1st edition pinnacle,₹424,https://images.meesho.com/images/products/441265066/jdsfb_400.webp,https://www.meesho.com/general-studies-one-liners-26000chapter-wise-english-medium-1st-edition-pinnacle/p/7apuay,4.2,
Bharat Ki Rajvyavastha for UPSC (Hindi) | 7th Edition | Civil Services Exam | State Administrative Exams,₹398,https://images.meesho.com/images/products/434062835/icvrp_400.webp,https://www.meesho.com/bharat-ki-rajvyavastha-for-upsc-hindi-7th-edition-civil-services-exam-state-administrative-exams/p/76fh0z,4.3,190 Reviews
Disha Publication Inc,₹362,https://images.meesho.com/images/products/337872001/cnlhb_400.webp,https://www.meesho.com/disha-publication-inc/p/5l5rpd,4.0,
"( Liva ) K TET Category - 1 Previous Year Question Bank, LP Section ( Kerala Teacher Eligibility Test ) Included EVS, Psychology, Maths, Malayalam, English",₹270,https://images.meesho.com/images/products/410190394/x1b7q_400.webp,https://www.meesho.com/liva-k-tet-category-1-previous-year-question-bank-lp-section-kerala-teacher-eligibility-test-included-evs-psychology-maths-malayalam-english/p/6s7sxm,4.3,
Oswaaal ICSE Question Bank Class 9 Commercial Studies |,₹328,https://images.meesho.com/images/products/457510843/bwsah_400.webp,https://www.meesho.com/oswaaal-icse-question-bank-class-9-commercial-studies/p/7ke1mj,3.9,
"""Everyday Vocabulary More Than 6100 Words """,₹101,https://images.meesho.com/images/products/389042729/ger6f_400.webp,https://www.meesho.com/everyday-vocabulary-more-than-6100-words/p/6fmjah,4.0,
UPPSC Samanya Adhyayan(General Studies) 2024 Paper 1 Prelims 13 Previous Year Solved Question Paper (2012 - 2023) Book (UP PSC & PCS) in Hindi,₹255,https://images.meesho.com/images/products/428852075/shovi_400.webp,https://www.meesho.com/uppsc-samanya-adhyayangeneral-studies-2024-paper-1-prelims-13-previous-year-solved-question-paper-2012-2023-book-up-psc-pcs-in-hindi/p/73bsdn,4.2,
Bharat Ka Samvidhan (The Constitution Of India) 2023,₹210,https://images.meesho.com/images/products/321654871/shw36_400.webp,https://www.meesho.com/bharat-ka-samvidhan-the-constitution-of-india-2023/p/5bi6hj,4.0,103 Reviews
Passage Reading Comprehension (Highly Useful For All Competitive Examinations),₹295,https://images.meesho.com/images/products/461638272/ruivd_400.webp,https://www.meesho.com/passage-reading-comprehension-highly-useful-for-all-competitive-examinations/p/7muidc,4.1,
:	Pre - Higher Primary Scholarship Exam. 2024 - SCHOLAR - Question Paper - Marathi & Intell. Test (english),₹180,https://images.meesho.com/images/products/317971607/2ynyj_400.webp,https://www.meesho.com/pre-higher-primary-scholarship-exam-2024-scholar-question-paper-marathi-intell-test-english/p/59b8gn,4.1,
Ultimate English Vocabulary By Shanu Sir Pocket Book With Words For All Competitive Exams |SSC CGL|SSC CHSL|SSC CPO|SSC MTS|BANK PO/Clerk|NDA|CDS|Air Force|Teaching|Army| For Building A Superior Vocabulary  By Adda247,₹188,https://images.meesho.com/images/products/404856614/llc7u_400.webp,https://www.meesho.com/ultimate-english-vocabulary-by-shanu-sir-pocket-book-with-words-for-all-competitive-exams-ssc-cglssc-chslssc-cpossc-mtsbank-poclerkndacdsair-forceteachingarmy-for-building-a-superior-vocabulary-by-adda247/p/6p1hd2,4.1,210 Reviews
ENGLISH GRAMMER BY SOHAIL AHMAD 2016 EDITION,₹304,https://images.meesho.com/images/products/457363624/kobc6_400.webp,https://www.meesho.com/english-grammer-by-sohail-ahmad-2016-edition/p/7kaw14,4.2,
Cosmos Publication modern India and return notes Ashutosh Pandey Mahesh Kumar barnwal English medium,₹225,https://images.meesho.com/images/products/460659952/aamtg_400.webp,https://www.meesho.com/cosmos-publication-modern-india-and-return-notes-ashutosh-pandey-mahesh-kumar-barnwal-english-medium/p/7m9jhs,4.1,
Bharat Ki Rajvyavastha for UPSC (Hindi) | 7th Edition | Civil Services Exam | State Administrative Exams,₹398,https://images.meesho.com/images/products/434062835/icvrp_400.webp,https://www.meesho.com/bharat-ki-rajvyavastha-for-upsc-hindi-7th-edition-civil-services-exam-state-administrative-exams/p/76fh0z,4.3,190 Reviews
"Pharmacology for Medical Graduates, 5e Paperback – 1 September 2022",₹440,https://images.meesho.com/images/products/423994294/yc21s_400.webp,https://www.meesho.com/pharmacology-for-medical-graduates-5e-paperback-1-september-2022/p/70fo3a,4.1,62 Reviews
SSC MATHS 8000+MCQ GAGAN PARTAP SIR ENGLISH NEW,₹755,https://images.meesho.com/images/products/457790209/tlmy3_400.webp,https://www.meesho.com/ssc-maths-8000mcq-gagan-partap-sir-english-new/p/7kk16p,4.2,
PW JAIIB BANKER'S EDGE Comprehensive Guide to Indian Economy and Indian Financial System For JAIIB Exam,₹307,https://images.meesho.com/images/products/442346899/baman_400.webp,https://www.meesho.com/pw-jaiib-bankers-edge-comprehensive-guide-to-indian-economy-and-indian-financial-system-for-jaiib-exam/p/7bd11v,4.3,
BCA (Bachelor of Computer Applications) Entrance Exam Guide,₹480,https://images.meesho.com/images/products/379385531/9m2x2_400.webp,https://www.meesho.com/bca-bachelor-of-computer-applications-entrance-exam-guide/p/69vjqz,4.0,
"Arihant General Knowledge  (Paperback, Manohar)",₹185,https://images.meesho.com/images/products/441459907/ts77l_400.webp,https://www.meesho.com/arihant-general-knowledge-paperback-manohar/p/7au0n7,4.0,
"IIT JAM Mathematics Topicwise Previous Year Questions Book - 2005 to 2023 Questions with Detailed Solutions for CUET, GATE, NBHM, TIFR & All MSc Entrance Exams",₹411,https://images.meesho.com/images/products/375780765/shaco_400.webp,https://www.meesho.com/ifas-publicationsiit-jam-mathematics-pyq-book-2025-previous-year-solved-papers-2005-to-2024-topic-wise-sorted-with-detailed-solutions-best-seller-previous-year-question-paper-book-for-iit-jam-mathematics-ma-cuet-pg-mathematics-nbhm-msc-mathematics-entrance-examinations-in-india/p/67qaal,4.1,8 Reviews
"Sikhwal Reet Samajik Adhyan For Level-2 For Class 6-8  (Paperback, Hindi, SIKHWAL PUBLICATION)",₹408,https://images.meesho.com/images/products/432539357/8p8la_400.webp,https://www.meesho.com/sikhwal-reet-samajik-adhyan-for-level-2-for-class-6-8-paperback-hindi-sikhwal-publication/p/75iti5,4.2,
"MHT-CET Physics, Chemistry & Maths Previous Year Solved Question Papers (PYQ) Book | Include 12 MHT-CET 2023 Question Papers with Solutions (All Shifts), Statastical Analysis, Smart Key & Self-assessments",₹308,https://images.meesho.com/images/products/336036799/rqpai_400.webp,https://www.meesho.com/mht-cet-physics-chemistry-maths-previous-year-solved-question-papers-pyqs-book-include-12-mht-cet-question-papers-with-solutions-statastical-analysis-smart-key-self-assessments/p/5k2fnj,4.3,8 Reviews
Ssc gd Practice sets by Ankit bhati 2025,₹150,https://images.meesho.com/images/products/467188891/dl0l1_400.webp,https://www.meesho.com/ssc-gd-practice-sets-by-ankit-bhati-2025/p/7q5h97,4.1,
"Pharmacology for Undergraduate Students, 5e?",₹533,https://images.meesho.com/images/products/227774074/c9zkj_400.webp,https://www.meesho.com/pharmacology-for-undergraduate-students-5e/p/3rlzlm,3.7,
PW CUET (UG) General Test and English 2025 Combo Set of 2 Books l Chapterwise & Topicwise Question Bank with Past Year Questions and Mock Tests,₹560,https://images.meesho.com/images/products/443505269/gebru_400.webp,https://www.meesho.com/pw-cuet-ug-general-test-and-english-2025-combo-set-of-2-books-l-chapterwise-topicwise-question-bank-with-past-year-questions-and-mock-tests/p/7c1uut,4.7,12 Reviews
"SSC CHSL 10+2 TCS PYQS Till-2022 Tier - I Mathematics 139 Sets  (Paperback, Kiran)",₹441,https://images.meesho.com/images/products/442777057/d0vlu_400.webp,https://www.meesho.com/ssc-chsl-102-tcs-pyqs-till-2022-tier-i-mathematics-139-sets-paperback-kiran/p/7bm8yp,4.0,
"Arihant General Knowledge (Paperback, Manohar)",₹249,https://images.meesho.com/images/products/448117483/lqc5x_400.webp,https://www.meesho.com/arihant-general-knowledge-paperback-manohar/p/7espnv,3.2,
General studies one liners 26000+Chapter wise English medium 1st edition pinnacle,₹424,https://images.meesho.com/images/products/441265066/jdsfb_400.webp,https://www.meesho.com/general-studies-one-liners-26000chapter-wise-english-medium-1st-edition-pinnacle/p/7apuay,4.2,
Static GK Book | Compilation of Important Questions of TCS (Bilingual Printed Edition) By Adda247,₹195,https://images.meesho.com/images/products/325349146/fk993_400.webp,https://www.meesho.com/static-gk-book-by-pawan-moral-compilation-of-important-mcqs-of-tcs-for-ssc-cglssc-chslssc-mtsssc-gdup-policerailway-ntpcgroup-drailway-alprailway-rpf-exam-bilingual-printed-edition-by-adda247/p/5dpd0a,4.4,302 Reviews
Objective Computer Awareness,₹177,https://images.meesho.com/images/products/342986666/rwax4_400.webp,https://www.meesho.com/objective-computer-awareness/p/5o7e7e,,
UPSC Mains Answer Writing Notebook for Practice Answer Sheet A4 NoteBook (200 Pages  X Pack of 2),₹269,https://images.meesho.com/images/products/461460638/gbhct_400.webp,https://www.meesho.com/upsc-mains-answer-writing-notebook-for-practice-answer-sheet-a4-notebook-200-pages-x-pack-of-2/p/7mqpb2,4.0,
"CSIR NET/JRF Mathematical Sciences (Part-C) Top Practice Questions With Solution Book, - Topic Wise 1500+ Practice Questions- Best Book for CSIR UGC NET, GATE, SET, NBHM,TIFR Maths Examinations",₹595,https://images.meesho.com/images/products/355621965/spvsn_400.webp,https://www.meesho.com/ifas-publications-csir-netjrf-mathematical-sciences-book-part-c-top-practice-questions-with-solution-book-topic-wise-1500-practice-questions-best-book-for-csir-ugc-net-gate-set-nbhmtifr-maths-examinations/p/5vq7nx,4.2,
"NEET Book | NEET Mock Test Papers Biology Book Based On New Pattern Of NTA For Medical Entrance | NEET UG Topic Tests, Revision Tests And Model Tests With Answer Key And Solutions | 2500 MCQs",₹188,https://images.meesho.com/images/products/144486672/zsvqe_400.webp,https://www.meesho.com/neet-book-neet-mock-test-papers-biology-book-based-on-new-pattern-of-nta-for-medical-entrance-neet-ug-topic-tests-revision-tests-and-model-tests-with-answer-key-and-solutions-2500-mcqs/p/2e0umo,4.0,53 Reviews
The Psychology of Money: by Morgan Housel,₹124,https://images.meesho.com/images/products/444860469/qqjio_400.webp,https://www.meesho.com/the-psychology-of-money-by-morgan-housel/p/7cuwj9,4.1,10 Reviews
Lucent's General Knowledge Samanya Gyaan Hindi For 202324 Examinations,₹249,https://images.meesho.com/images/products/389557164/m1jrr_400.webp,https://www.meesho.com/lucents-general-knowledge-samanya-gyaan-hindi-for-202324-examinations/p/6fxk8c,4.0,
Apke Avchetan Man Ki Shakti (the Power of Your Subconscious Mind in Hindi medium) by Joseph Murphy,₹183,https://images.meesho.com/images/products/403660432/ngt7k_400.webp,https://www.meesho.com/apke-avchetan-man-ki-shakti-the-power-of-your-subconscious-mind-in-hindi-medium-by-joseph-murphy/p/6obuds,4.4,129 Reviews
"Socho Aur Ameer Ho Jayo  (Hindi, Paperback, Hill Napoleon)",₹182,https://images.meesho.com/images/products/116060399/izxqt_400.webp,https://www.meesho.com/socho-aur-ameer-ho-jayo-hindi-paperback-hill-napoleon/p/1x3krz,3.9,713 Reviews
I don't love you anymore by Rithvik Singh,₹137,https://images.meesho.com/images/products/400230684/d1anv_400.webp,https://www.meesho.com/i-dont-love-you-anymore-by-rithvik-singh/p/6mabz0,4.1,171 Reviews
It Starts With Us by Collen Hoover,₹129,https://images.meesho.com/images/products/444866953/flvxw_400.webp,https://www.meesho.com/it-starts-with-us-by-collen-hoover/p/7cv1jd,3.7,6 Reviews
Dhan-Sampatti Ka Manovigyan,₹119,https://images.meesho.com/images/products/444858147/osevb_400.webp,https://www.meesho.com/dhan-sampatti-ka-manovigyan/p/7cuuqr,4.2,15 Reviews
Rich Dad Poor Dad - 20Th Anniversary Edition - Hindi,₹244,https://images.meesho.com/images/products/71898278/hgrer_400.webp,https://www.meesho.com/rich-dad-poor-dad-20th-anniversary-edition-hindi/p/16t12e,4.4,918 Reviews
Hindi Bhasha Evam Sahitya Ka Vast. Itihas,₹228,https://images.meesho.com/images/products/455938932/0mogl_400.webp,https://www.meesho.com/hindi-bhasha-evam-sahitya-ka-vast-itihas/p/7jgcqc,4.0,
Trendy Self-Help books,₹201,https://images.meesho.com/images/products/465427287/xnlmu_400.webp,https://www.meesho.com/hyperfocus-how-to-work-less-to-achieve-more-paperback-bailey/p/7p3pzr,,
Half Girlfriend + One Indian Girl,₹284,https://images.meesho.com/images/products/441268297/6cch6_400.webp,https://www.meesho.com/half-girlfriend-one-indian-girl/p/7apwsp,4.1,
