PRICE,MRP,DISCOUNT,CONDITION,SELLER,SELLER_ID,ASIN,SELLER_LISTING_LINK
299.,₹399.00,-25%,,Cocoblu Retail (drop box),A1WYWER0W24N8S,819564578X,
₹322.00,₹399.00,-19%,New,BOOKBUZZ,A187XCOY9IUIAD,819564578X,https://www.amazon.in/gp/product/819564578X?smid=A187XCOY9IUIAD&psc=1
₹369.00,₹399.00,-8%,New,zombozone,A10UYEE5C0HH3O,819564578X,https://www.amazon.in/gp/product/819564578X?smid=A10UYEE5C0HH3O&psc=1
₹340.00,₹399.00,-15%,New,Lets _Read,AF86PJ4RNVT1N,819564578X,https://www.amazon.in/gp/product/819564578X?smid=AF86PJ4RNVT1N&psc=1
₹398.00,Unavailable,,New,Atoz Books,A3B18KRBZZ1UXE,819564578X,https://www.amazon.in/gp/product/819564578X?smid=A3B18KRBZZ1UXE&psc=1
₹340.00,Unavailable,,"Used 
                    - Like New",One Book Store.,AVQBMM2CAU6VS,819564578X,https://www.amazon.in/gp/product/819564578X?smid=AVQBMM2CAU6VS&psc=1
₹449.00,₹499.00,-10%,New,R R BOOK STALL,A1GY9C30S2WNDQ,819564578X,https://www.amazon.in/gp/product/819564578X?smid=A1GY9C30S2WNDQ&psc=1
₹464.00,₹500.00,-7%,New,Vashista 360,A5KE14ZDO9HKW,819564578X,https://www.amazon.in/gp/product/819564578X?smid=A5KE14ZDO9HKW&psc=1
372.,₹0.43,-7%,,Cocoblu Retail (drop box),A1WYWER0W24N8S,8195645712,
₹367.00,₹399.00,-8%,New,MANAV BOOK POINTS,A3OO9LW00PHNY,8195645712,https://www.amazon.in/gp/product/8195645712?smid=A3OO9LW00PHNY&psc=1
349.,₹399.00,-13%,,PERFECT Solution (drop box),A7LV430YHIGDM,B0DYHF6MDP,
359.,₹399.00,-10%,,VIDYAGOURI PRAKASHAN AND BOOKS (drop box),A327SFZP45D7OM,8196353375,
330.,₹360.00,-8%,,Laxmi books store pvt (drop box),A2NBYJB6ULY5XE,B08C36XXY1,
₹290.00,₹399.00,-27%,New,MANAV BOOK POINTS,A3OO9LW00PHNY,B08C36XXY1,https://www.amazon.in/gp/product/B08C36XXY1?smid=A3OO9LW00PHNY&psc=1
₹310.00,₹399.00,-22%,New,Lets _Read,AF86PJ4RNVT1N,B08C36XXY1,https://www.amazon.in/gp/product/B08C36XXY1?smid=AF86PJ4RNVT1N&psc=1
₹375.00,₹399.00,-6%,New,"Drishti Kukreja ,",A1JC6LQLV9YG5G,B08C36XXY1,https://www.amazon.in/gp/product/B08C36XXY1?smid=A1JC6LQLV9YG5G&psc=1
₹350.00,₹425.00,-18%,New,S P Bhawan,A1VHGABSI0YAAQ,B08C36XXY1,https://www.amazon.in/gp/product/B08C36XXY1?smid=A1VHGABSI0YAAQ&psc=1
₹450.00,Unavailable,,New,Dhama Sahitya Sadan,A3V4BM5O1MSMRZ,B08C36XXY1,https://www.amazon.in/gp/product/B08C36XXY1?smid=A3V4BM5O1MSMRZ&psc=1
660.,₹330.00,-6%,,SASTA BOOK DEPOT (drop box),ARQBD46UEZ4JM,B0D7SG6QJN,
₹636.00,₹694.00,-8%,New,Abhishek book depot...,A3CGSAINDCE0EG,B0D7SG6QJN,https://www.amazon.in/gp/product/B0D7SG6QJN?smid=A3CGSAINDCE0EG&psc=1
399.,Unavailable,,,VIDYAGOURI PRAKASHAN AND BOOKS (drop box),A327SFZP45D7OM,8196385099,
565.,₹282.50,-6%,,Lets _Read (drop box),AF86PJ4RNVT1N,B0CJ5M5QMM,
,Unavailable,,, (drop box),,B0DPV6KD37,
,Unavailable,,, (drop box),,B0DBDWYRL3,
,Unavailable,,, (drop box),,B0D9BYYL3S,
,Unavailable,,, (drop box),,B0CKYCJGHX,
,Unavailable,,, (drop box),,B0CKY98PWH,
,Unavailable,,, (drop box),,B09V86HSPN,
412.,₹520.00,-21%,,BOOKBUZZ (drop box),A187XCOY9IUIAD,B0CY564S9J,
₹412.00,₹520.00,-21%,New,Cocoblu Retail,A1WYWER0W24N8S,B0CY564S9J,https://www.amazon.in/gp/product/B0CY564S9J?smid=A1WYWER0W24N8S&psc=1
₹475.00,₹520.00,-9%,New,zombozone,A10UYEE5C0HH3O,B0CY564S9J,https://www.amazon.in/gp/product/B0CY564S9J?smid=A10UYEE5C0HH3O&psc=1
₹500.00,₹690.00,-28%,New,SUBHAM Center,A18QMLGN5Q25JX,B0CY564S9J,https://www.amazon.in/gp/product/B0CY564S9J?smid=A18QMLGN5Q25JX&psc=1
₹450.00,₹520.00,-13%,New,Global Writers,A3U66FYP1G261N,B0CY564S9J,https://www.amazon.in/gp/product/B0CY564S9J?smid=A3U66FYP1G261N&psc=1
₹520.00,Unavailable,,New,sarkariresultall,A3DV1CCLYY1V6T,B0CY564S9J,https://www.amazon.in/gp/product/B0CY564S9J?smid=A3DV1CCLYY1V6T&psc=1
₹520.00,Unavailable,,New,COMPETITIVE EXAM BOOKS HUB,AD9JRDGHNFLQV,B0CY564S9J,https://www.amazon.in/gp/product/B0CY564S9J?smid=AD9JRDGHNFLQV&psc=1
399.,₹520.00,-23%,,Cocoblu Retail (drop box),A1WYWER0W24N8S,8195645704,
₹440.00,₹520.00,-15%,New,MANAV BOOK POINTS,A3OO9LW00PHNY,8195645704,https://www.amazon.in/gp/product/8195645704?smid=A3OO9LW00PHNY&psc=1
₹386.00,₹520.00,-26%,New,Abhishek book depot...,A3CGSAINDCE0EG,8195645704,https://www.amazon.in/gp/product/8195645704?smid=A3CGSAINDCE0EG&psc=1
₹390.00,₹520.00,-25%,New,COMPETITIVE EXAM BOOKS HUB,AD9JRDGHNFLQV,8195645704,https://www.amazon.in/gp/product/8195645704?smid=AD9JRDGHNFLQV&psc=1
₹440.00,₹520.00,-15%,New,COMPETITIVE EXAM BOOKS HUB,AD9JRDGHNFLQV,8195645704,https://www.amazon.in/gp/product/8195645704?smid=AD9JRDGHNFLQV&psc=1
₹520.00,Unavailable,,New,My Book Center,AD2K8J6LP1PGT,8195645704,https://www.amazon.in/gp/product/8195645704?smid=AD2K8J6LP1PGT&psc=1
₹430.00,₹520.00,-17%,New,Global Writers,A3U66FYP1G261N,8195645704,https://www.amazon.in/gp/product/8195645704?smid=A3U66FYP1G261N&psc=1
₹599.00,Unavailable,,"Used 
                    - Very Good",Radhe RadheEnterprise,A2CVSTQQAVZV32,8195645704,https://www.amazon.in/gp/product/8195645704?smid=A2CVSTQQAVZV32&psc=1
₹500.00,₹520.00,-4%,New,Mittal Book Distributors,A38HF4LV2KF5HJ,8195645704,https://www.amazon.in/gp/product/8195645704?smid=A38HF4LV2KF5HJ&psc=1
400.,₹499.00,-20%,,MANAV BOOK POINTS (drop box),A3OO9LW00PHNY,8195645739,
₹387.00,Unavailable,,"Used 
                    - Like New","Garg Brothers, Prayagraj",A18GJ6ZCVXO3II,8195645739,https://www.amazon.in/gp/product/8195645739?smid=A18GJ6ZCVXO3II&psc=1
₹318.00,₹499.00,-36%,New,KOSAL BOOK,A2EJZF1APFFMZZ,8195645739,https://www.amazon.in/gp/product/8195645739?smid=A2EJZF1APFFMZZ&psc=1
₹358.00,₹499.00,-28%,New,PERFECT Solution,A7LV430YHIGDM,8195645739,https://www.amazon.in/gp/product/8195645739?smid=A7LV430YHIGDM&psc=1
₹440.00,₹520.00,-15%,New,S P Bhawan,A1VHGABSI0YAAQ,8195645739,https://www.amazon.in/gp/product/8195645739?smid=A1VHGABSI0YAAQ&psc=1
₹420.00,₹495.00,-15%,New,Global Writers,A3U66FYP1G261N,8195645739,https://www.amazon.in/gp/product/8195645739?smid=A3U66FYP1G261N&psc=1
₹499.00,Unavailable,,New,Competition books hub,A2Z4X04OCUVFJZ,8195645739,https://www.amazon.in/gp/product/8195645739?smid=A2Z4X04OCUVFJZ&psc=1
₹499.00,Unavailable,,New,COMPETITIVE EXAM BOOKS HUB,AD9JRDGHNFLQV,8195645739,https://www.amazon.in/gp/product/8195645739?smid=AD9JRDGHNFLQV&psc=1
520.,Unavailable,,,Cocoblu Retail (drop box),A1WYWER0W24N8S,B0CYHCM9YF,
299.,₹399.00,-25%,,Cocoblu Retail (drop box),A1WYWER0W24N8S,819564578X,
₹322.00,₹399.00,-19%,New,BOOKBUZZ,A187XCOY9IUIAD,819564578X,https://www.amazon.in/gp/product/819564578X?smid=A187XCOY9IUIAD&psc=1
₹369.00,₹399.00,-8%,New,zombozone,A10UYEE5C0HH3O,819564578X,https://www.amazon.in/gp/product/819564578X?smid=A10UYEE5C0HH3O&psc=1
₹340.00,₹399.00,-15%,New,Lets _Read,AF86PJ4RNVT1N,819564578X,https://www.amazon.in/gp/product/819564578X?smid=AF86PJ4RNVT1N&psc=1
₹398.00,Unavailable,,New,Atoz Books,A3B18KRBZZ1UXE,819564578X,https://www.amazon.in/gp/product/819564578X?smid=A3B18KRBZZ1UXE&psc=1
₹340.00,Unavailable,,"Used 
                    - Like New",One Book Store.,AVQBMM2CAU6VS,819564578X,https://www.amazon.in/gp/product/819564578X?smid=AVQBMM2CAU6VS&psc=1
₹449.00,₹499.00,-10%,New,R R BOOK STALL,A1GY9C30S2WNDQ,819564578X,https://www.amazon.in/gp/product/819564578X?smid=A1GY9C30S2WNDQ&psc=1
₹464.00,₹500.00,-7%,New,Vashista 360,A5KE14ZDO9HKW,819564578X,https://www.amazon.in/gp/product/819564578X?smid=A5KE14ZDO9HKW&psc=1
,Unavailable,,, (drop box),,B0D9BYYL3S,
,Unavailable,,, (drop box),,B0CKYCJGHX,
,Unavailable,,, (drop box),,B0CKY98PWH,
399.,₹499.00,-20%,,Cocoblu Retail (drop box),A1WYWER0W24N8S,8194476488,
₹386.00,₹520.00,-26%,New,SHAWVY BOOKS,AM08EIV3HL8EL,8194476488,https://www.amazon.in/gp/product/8194476488?smid=AM08EIV3HL8EL&psc=1
₹494.00,₹499.00,-1%,New,zombozone,A10UYEE5C0HH3O,8194476488,https://www.amazon.in/gp/product/8194476488?smid=A10UYEE5C0HH3O&psc=1
