Price,MRP,Discount,Condition,Seller,SellerID,ASIN,SellerListingLink
355.,₹575.00,-38%,New,Cocoblu Retail (drop box),A1WYWER0W24N8S,8119896025,https://www.amazon.in/gp/product/8119896025?smid=A1WYWER0W24N8S&psc=1
₹361.00,₹575.00,-37%,New,"Garg Brothers, Prayagraj",A18GJ6ZCVXO3II,8119896025,https://www.amazon.in/gp/product/8119896025?smid=A18GJ6ZCVXO3II&psc=1
₹398.00,Unavailable,,New,Perfect Books (P) Ltd. - Fast Delivery,A8VXHCWKQQJRJ,8119896025,https://www.amazon.in/gp/product/8119896025?smid=A8VXHCWKQQJRJ&psc=1
₹400.00,₹575.00,-30%,New,national book enterprises,A3EYI8VGJV2K5V,8119896025,https://www.amazon.in/gp/product/8119896025?smid=A3EYI8VGJV2K5V&psc=1
₹409.00,₹575.00,-29%,New,BOOKBUZZ,A187XCOY9IUIAD,8119896025,https://www.amazon.in/gp/product/8119896025?smid=A187XCOY9IUIAD&psc=1
₹450.00,₹575.00,-22%,New,World Commerce Pvt. Ltd.,A2VFKJUW19DDPC,8119896025,https://www.amazon.in/gp/product/8119896025?smid=A2VFKJUW19DDPC&psc=1
₹485.00,₹575.00,-16%,New,zombozone,A10UYEE5C0HH3O,8119896025,https://www.amazon.in/gp/product/8119896025?smid=A10UYEE5C0HH3O&psc=1
₹500.00,₹575.00,-13%,New,BHAGWATI BOOK STORE AGRA,A2Z5PVFJIESR4T,8119896025,https://www.amazon.in/gp/product/8119896025?smid=A2Z5PVFJIESR4T&psc=1
355.,₹575.00,-38%,New,Cocoblu Retail (drop box),A1WYWER0W24N8S,811989619X,https://www.amazon.in/gp/product/811989619X?smid=A1WYWER0W24N8S&psc=1
₹361.00,₹575.00,-37%,New,"Garg Brothers, Prayagraj",A18GJ6ZCVXO3II,811989619X,https://www.amazon.in/gp/product/811989619X?smid=A18GJ6ZCVXO3II&psc=1
₹369.00,₹575.00,-36%,New,BOOKBUZZ,A187XCOY9IUIAD,811989619X,https://www.amazon.in/gp/product/811989619X?smid=A187XCOY9IUIAD&psc=1
₹398.00,Unavailable,,New,Perfect Books (P) Ltd. - Fast Delivery,A8VXHCWKQQJRJ,811989619X,https://www.amazon.in/gp/product/811989619X?smid=A8VXHCWKQQJRJ&psc=1
₹400.00,₹575.00,-30%,New,national book enterprises,A3EYI8VGJV2K5V,811989619X,https://www.amazon.in/gp/product/811989619X?smid=A3EYI8VGJV2K5V&psc=1
₹475.00,₹575.00,-17%,New,zombozone,A10UYEE5C0HH3O,811989619X,https://www.amazon.in/gp/product/811989619X?smid=A10UYEE5C0HH3O&psc=1
₹499.00,₹575.00,-13%,New,"""AAPKI APNI DUKAAN""",A3IGM7CU1B5PZJ,811989619X,https://www.amazon.in/gp/product/811989619X?smid=A3IGM7CU1B5PZJ&psc=1
151.,₹185.00,-18%,New,Cocoblu Retail (drop box),A1WYWER0W24N8S,8177586467,https://www.amazon.in/gp/product/8177586467?smid=A1WYWER0W24N8S&psc=1
₹149.00,₹195.00,-24%,New,"Garg Brothers, Prayagraj",A18GJ6ZCVXO3II,8177586467,https://www.amazon.in/gp/product/8177586467?smid=A18GJ6ZCVXO3II&psc=1
₹160.00,₹185.00,-14%,New,BOOKBUZZ,A187XCOY9IUIAD,8177586467,https://www.amazon.in/gp/product/8177586467?smid=A187XCOY9IUIAD&psc=1
₹167.00,₹295.00,-43%,New,national book enterprises,A3EYI8VGJV2K5V,8177586467,https://www.amazon.in/gp/product/8177586467?smid=A3EYI8VGJV2K5V&psc=1
₹185.00,Unavailable,,New,Books & Books..,AORDIL88TUS34,8177586467,https://www.amazon.in/gp/product/8177586467?smid=AORDIL88TUS34&psc=1
₹185.00,Unavailable,,New,BOOK CENTRE,A1OA4BDKNHWRA3,8177586467,https://www.amazon.in/gp/product/8177586467?smid=A1OA4BDKNHWRA3&psc=1
₹167.00,₹222.00,-25%,New,Bookworld India,A36HIGR47000QV,8177586467,https://www.amazon.in/gp/product/8177586467?smid=A36HIGR47000QV&psc=1
₹175.00,Unavailable,,New,Ksagar Book Centre,A2EEC5S5AUD2TM,8177586467,https://www.amazon.in/gp/product/8177586467?smid=A2EEC5S5AUD2TM&psc=1
₹355.00,Unavailable,,New,Bookworld India,A36HIGR47000QV,8177586467,https://www.amazon.in/gp/product/8177586467?smid=A36HIGR47000QV&psc=1
,Unavailable,,, (drop box),,9357051481,https://www.amazon.in/gp/product/9357051481?smid=null&psc=1
435.,₹740.00,-41%,New,Cocoblu Retail (drop box),A1WYWER0W24N8S,8119847830,https://www.amazon.in/gp/product/8119847830?smid=A1WYWER0W24N8S&psc=1
₹443.00,₹740.00,-40%,New,"Garg Brothers, Prayagraj",A18GJ6ZCVXO3II,8119847830,https://www.amazon.in/gp/product/8119847830?smid=A18GJ6ZCVXO3II&psc=1
₹470.00,₹740.00,-36%,New,zombozone,A10UYEE5C0HH3O,8119847830,https://www.amazon.in/gp/product/8119847830?smid=A10UYEE5C0HH3O&psc=1
₹480.00,₹740.00,-35%,New,national book enterprises,A3EYI8VGJV2K5V,8119847830,https://www.amazon.in/gp/product/8119847830?smid=A3EYI8VGJV2K5V&psc=1
₹580.00,₹740.00,-22%,New,BHAGWATI BOOK STORE AGRA,A2Z5PVFJIESR4T,8119847830,https://www.amazon.in/gp/product/8119847830?smid=A2Z5PVFJIESR4T&psc=1
₹540.00,₹740.00,-27%,New,Manav Book World,AKHB6QXIRFUTQ,8119847830,https://www.amazon.in/gp/product/8119847830?smid=AKHB6QXIRFUTQ&psc=1
396.,₹689.00,-43%,New,Cocoblu Retail (drop box),A1WYWER0W24N8S,811984713X,https://www.amazon.in/gp/product/811984713X?smid=A1WYWER0W24N8S&psc=1
₹392.00,₹689.00,-43%,New,BOOKBUZZ,A187XCOY9IUIAD,811984713X,https://www.amazon.in/gp/product/811984713X?smid=A187XCOY9IUIAD&psc=1
₹395.00,₹689.00,-43%,New,"""AAPKI APNI DUKAAN""",A3IGM7CU1B5PZJ,811984713X,https://www.amazon.in/gp/product/811984713X?smid=A3IGM7CU1B5PZJ&psc=1
₹416.00,₹689.00,-40%,New,"Garg Brothers, Prayagraj",A18GJ6ZCVXO3II,811984713X,https://www.amazon.in/gp/product/811984713X?smid=A18GJ6ZCVXO3II&psc=1
₹438.00,₹689.00,-36%,New,zombozone,A10UYEE5C0HH3O,811984713X,https://www.amazon.in/gp/product/811984713X?smid=A10UYEE5C0HH3O&psc=1
₹500.00,₹689.00,-27%,New,BHAGWATI BOOK STORE AGRA,A2Z5PVFJIESR4T,811984713X,https://www.amazon.in/gp/product/811984713X?smid=A2Z5PVFJIESR4T&psc=1
₹599.00,₹689.00,-13%,New,"Daksha Book Store, Hyderabad",AA6X8BMENJ5HB,811984713X,https://www.amazon.in/gp/product/811984713X?smid=AA6X8BMENJ5HB&psc=1
