title,isbn,coverImage,price,mrp,rating,author,binding,url
"आधुनिक हिंदी व्याकरण और रचना  (पेपरबैक, बासुदेव नंदन प्रसाद)","","https://rukminim2.flixcart.com/image/416/416/klgx0280/regionalbooks/w/j/l/adhunik-hindi-vyakaran-aur-rachna-original-imagyh2negsfnyad.jpeg?q=70&crop=false",290,"","4.4","","","https://www.flipkart.com/hi/adhunik-hindi-vyakaran-aur-rachna/p/itm24a514de24893"
"Adhunik Hindi Vyakaran Aur Rachna  (Paperback, Hindi, DR VASUDEVNANDAN PRASAD)","","https://rukminim2.flixcart.com/image/416/416/l4yi7bk0/regionalbooks/0/d/6/adhunik-hindi-vyakaran-aur-rachna-original-imagfqsauz8k3hpw.jpeg?q=70&crop=false",280,319,"4.4","DR VASUDEVNANDAN PRASAD","Paperback","https://www.flipkart.com/adhunik-hindi-vyakaran-aur-rachna/p/itmc9a9076a5007a"
"आधुनिक हिंदी व्याकरण और रचना  (पेपरबैक, डॉ. वासुदेवनंदन प्रसाद)","","https://rukminim2.flixcart.com/image/416/416/ki3gknk0-0/regionalbooks/l/2/z/aadhunik-hindi-vyakaran-aur-rachna-original-imafxygfgg4zz4jq.jpeg?q=70&crop=false",255,259,"4.4","","","https://www.flipkart.com/hi/aadhunik-hindi-vyakaran-aur-rachna/p/itm1bf7054a7bdcf"
"आधुनिक हिंदी व्याकरण और रचना  (पेपरबैक, डॉक्टर वसुदेवनंदन प्रसाद)","","https://rukminim2.flixcart.com/image/416/416/ksqeky80/regionalbooks/p/i/1/aadhunik-hindi-vyakaran-aur-rachna-original-imag68axxkk2hysd.jpeg?q=70&crop=false",266,275,"4.4","","","https://www.flipkart.com/hi/aadhunik-hindi-vyakaran-aur-rachna/p/itm4861d0e3fc726"
"Aadhunik Hindi Vyakaran Aur Rachna  (Paperback, Hindi, Dr. Vasudev Nandan Prasad)","","https://rukminim2.flixcart.com/image/416/416/xif0q/regionalbooks/k/r/a/aadhunik-hindi-vyakaran-aur-rachna-original-imagz59vmegmez6w.jpeg?q=70&crop=false",255,387,"4.1","Dr. Vasudev Nandan Prasad","Paperback","https://www.flipkart.com/aadhunik-hindi-vyakaran-aur-rachna/p/itm19219736e0fa2"
"Aadhunik Hindi Vyakaran Aur Rachna (Paperback, Hindi, Dr.Vasudevnandan Prasad)  (Paperback, Hindi, Dr.Vasudevnandan Prasad)","","https://rukminim2.flixcart.com/image/416/416/xif0q/regionalbooks/n/h/f/aadhunik-hindi-vyakaran-aur-rachna-paperback-hindi-dr-original-imaggp3hwajxpzqp.jpeg?q=70&crop=false",280,299,"4.4","Dr.Vasudevnandan Prasad","Paperback","https://www.flipkart.com/aadhunik-hindi-vyakaran-aur-rachna-paperback-hindi-dr-vasudevnandan-prasad/p/itmc92a52eb66697"
"Basic Science for Class 6 / E3  (English, Paperback, Mishra Amarnath)","","https://rukminim2.flixcart.com/image/416/416/kk8mcnk0/book/y/q/p/basic-science-for-class-6-e3-original-imafzm4gcakpr5pv.jpeg?q=70&crop=false",210,421,"4.44.44.44.3","","","https://www.flipkart.com/basic-science-class-vi-based-cce-methodology-pb/p/itmdyufkft5sjjzb"
"Basic Science for Class 7 / E2  (English, Paperback, Mishra Amarnath)","","https://rukminim2.flixcart.com/image/416/416/jpsnma80/book/0/5/1/basic-science-for-class-7-e2-original-imafbyh2xqv2dxhv.jpeg?q=70&crop=false",247,359,"4.44.44.24.4","","","https://www.flipkart.com/basic-science-class-7-e2/p/itmdyufkhzjbwbaw"
"Basic Science for Class 8 / E1  (English, Paperback, Mishra Amarnath)","","https://rukminim2.flixcart.com/image/416/416/kialrww0-0/book/4/g/n/basic-science-for-class-8-e1-original-imafy3ygnhxkk79q.jpeg?q=70&crop=false",256,407,"4.34.344.4","","","https://www.flipkart.com/basic-science-class-8-e1/p/itmdyufkrgugptpn"
"Basic Science Class 8  (Paperback, A MISHRA .G MEHTA D LEHRI .R MOHAN)","","https://rukminim2.flixcart.com/image/416/416/kd3f3bk0/regionalbooks/y/a/h/basic-science-class-8-original-imafu2tsh9ynum9c.jpeg?q=70&crop=false",239,304,"4.3","A MISHRA .G MEHTA D LEHRI .R MOHAN","Paperback","https://www.flipkart.com/basic-science-class-8/p/itmf7b370684302c"
"Basic Science For Class 8  (Paperback, A Mishra, G Mehta)","","https://rukminim2.flixcart.com/image/416/416/xif0q/regionalbooks/o/v/4/basic-science-for-class-8-original-imagstzswzhgszdr.jpeg?q=70&crop=false",307,410,"4.14","A Mishra, G Mehta","Paperback","https://www.flipkart.com/basic-science-class-8/p/itmf981ab2e3d552"
"Basic Science For Class 7  (Paperback, A Mishra, G Mehta)","","https://rukminim2.flixcart.com/image/416/416/xif0q/regionalbooks/z/k/y/basic-science-for-class-7-original-imagstzqzsvyrby3.jpeg?q=70&crop=false",277,370,"3.7","A Mishra, G Mehta","Paperback","https://www.flipkart.com/basic-science-class-7/p/itm9a05ceb157bf0"
"Basic Science & Our World Then And Now Class 8 (Combo Pack)  (Paperback, A .MISHRA .G .MEHTA .D .LEHRI .R.MOHAN .S .MUKHERJI .K.K.MALTIAR.)","","https://rukminim2.flixcart.com/image/416/416/keokpe80/regionalbooks/j/g/n/basic-science-our-world-then-and-now-class-8-combo-pack-original-imafvazt9jgnbxsg.jpeg?q=70&crop=false",570,1001,"4.8","A .MISHRA .G .MEHTA .D .LEHRI .R.MOHAN .S .MUKHERJI .K.K.MALTIAR.","Paperback","https://www.flipkart.com/basic-science-our-world-then-now-class-8-combo-pack/p/itmff363992e6494"
"Basic Scince .social Science Class 6 Combo Book  (Paperback, a mishra . g mehta .d lehri .r mohan)","","https://rukminim2.flixcart.com/image/416/416/kehfi4w0/regionalbooks/f/d/q/basic-scince-social-science-class-6-combo-book-original-imafv4z4g9skzjhe.jpeg?q=70&crop=false",650,715,"4.1","a mishra . g mehta .d lehri .r mohan","Paperback","https://www.flipkart.com/basic-scince-social-science-class-6-combo-book/p/itm204284e2463cb"
"Class 6th Basic Science & Our World Then And Now Combo Pack 2022  (paperpack, Sagrika)","","https://rukminim2.flixcart.com/image/416/416/xif0q/regionalbooks/1/s/h/class-6th-basic-science-our-world-then-and-now-combo-pack-2022-original-imagkk7fqmc2ddh7.jpeg?q=70&crop=false",680,740,"4","Sagrika","paperpack","https://www.flipkart.com/class-6th-basic-science-our-world-then-now-combo-pack-2022/p/itm86049271d5bce"
"Class 8th Basic Science & R D Sharma Mathematics In New Editions 2022  (paperpack, Amarnath Mishra)","","https://rukminim2.flixcart.com/image/416/416/l0r1j0w0/regionalbooks/1/q/k/class-8th-basic-science-r-d-sharma-mathematics-in-new-editions-original-imagchfecnrwx5gw.jpeg?q=70&crop=false",905,"","554","Amarnath Mishra","paperpack","https://www.flipkart.com/class-8th-basic-science-r-d-sharma-mathematics-new-editions-2022/p/itmf6dce9d39dc43"
"Foundation Science Physics HC Verma  (Paperback, HC Verma)","","https://rukminim2.flixcart.com/image/416/416/xif0q/regionalbooks/k/h/z/foundation-science-physics-hc-verma-original-imaggn7dbty6ytc2.jpeg?q=70&crop=false","","","","HC Verma","Paperback","https://www.flipkart.com/foundation-science-physics-hc-verma/p/itm93adf464fb7a5"
"Foundation Science: Physics For Class 9 (English, Paperback, H C Verma)  (peparback, H C Verma)","","https://rukminim2.flixcart.com/image/416/416/regionalbooks/x/r/z/foundation-science-physics-for-class-9-english-paperback-h-c-original-imaepz4t4hfhpzcw.jpeg?q=70&crop=false",264,268,"4.4","H C Verma","peparback","https://www.flipkart.com/foundation-science-physics-class-9-english-paperback-h-c-verma/p/itmeq75gpurvma8w"
"Foundation Science Physics For Class 10 - CBSE - by H C Verma - Examination 2023-2024 2023 Edition  (English, Paperback, Verma H C)","","https://rukminim2.flixcart.com/image/416/416/xif0q/book/b/f/x/-original-imagzjn77uchqxyz.jpeg?q=70&crop=false",273,"","4.54.54.44.4","","","https://www.flipkart.com/foundation-science-physics-class-10-cbse-h-c-verma-examination-2023-2024-2023/p/itm6ef805024c674"
"Foundation Science Physics Class - 9  (Paperback, H C Verma)","","https://rukminim2.flixcart.com/image/416/416/j4hc5u80/regionalbooks/p/s/g/foundation-science-physics-class-9-original-imaesf4gmfxef9jj.jpeg?q=70&crop=false","","","","H C Verma","Paperback","https://www.flipkart.com/foundation-science-physics-class-9/p/itmevdvykxvzpgxt"
"Foundation Science Physics Class - 10 H C VERMA  (Paperback, H C Verma)","","https://rukminim2.flixcart.com/image/416/416/kqpj4i80/regionalbooks/4/w/8/foundation-science-physics-class-10-h-c-verma-original-imag4nszbmjet9ng.jpeg?q=70&crop=false",283,287,"4.4","H C Verma","Paperback","https://www.flipkart.com/foundation-science-physics-class-10-h-c-verma/p/itm95ecb43976613"
"Foundation Science Physics For Class 9 - CBSE - by H C Verma - Examination 2023-2024 Third Edition  (English, Paperback, Verma H C)","","https://rukminim2.flixcart.com/image/416/416/xif0q/book/8/2/q/-original-imagzjn7burq5jsn.jpeg?q=70&crop=false",273,"","4.44.44.4","","","https://www.flipkart.com/foundation-science/p/itm431de3cccfda2"
"Foundation Science Physics For Class 10  (Paperback, H C VERMA)","","https://rukminim2.flixcart.com/image/416/416/xif0q/regionalbooks/w/n/z/foundation-science-physics-for-class-10-original-imagjbr6ucrtbawb.jpeg?q=70&crop=false",160,175,"5","H C VERMA","Paperback","https://www.flipkart.com/foundation-science-physics-class-10/p/itme64eae165a474"
"Foundation Science Physics Class - 10 (Paperback, H C VERMA)  (Paperback, H C VERMA)","","https://rukminim2.flixcart.com/image/416/416/l08gsy80/regionalbooks/n/z/b/foundation-science-physics-class-10-paperback-h-c-verma-original-imagc25ayrf6thyh.jpeg?q=70&crop=false",295,"","4.4","H C VERMA","Paperback","https://www.flipkart.com/foundation-science-physics-class-10-paperback-h-c-verma/p/itm92fdfe93e889d"
"Foundation Science Physics For Class 9 By H.C Verma Examination 2022-23  (Paperback, Hc verma)","","https://rukminim2.flixcart.com/image/416/416/xif0q/regionalbooks/o/g/x/foundation-science-physics-for-class-9-by-h-c-verma-examination-original-imagmfjfpc8yed4e.jpeg?q=70&crop=false",349,"","4.3","Hc verma","Paperback","https://www.flipkart.com/foundation-science-physics-class-9-h-c-verma-examination-2022-23/p/itmefceb3fb44874"
"Foundation Science Physics Class - 10  (Paperback, H C Verma)","","https://rukminim2.flixcart.com/image/416/416/j4hc5u80/regionalbooks/j/e/g/foundation-science-physics-class-10-original-imaev82hwfpayvd3.jpeg?q=70&crop=false","","","","H C Verma","Paperback","https://www.flipkart.com/foundation-science-physics-class-10/p/itmesd32eszvpggk"
"Foundation Science Physics For Class 9 By HC Verma Latest Edition 9 (2022)  (Paperback, H C Verma)","","https://rukminim2.flixcart.com/image/416/416/l3q7jww0/regionalbooks/s/j/k/foundation-science-physics-for-class-9-by-hc-verma-latest-original-images6heggghpsc.jpeg?q=70&crop=false","","","","H C Verma","Paperback","https://www.flipkart.com/foundation-science-physics-class-9-hc-verma-latest-2022/p/itm7ac0e8cb89983"
"Foundation Science Physics For Class 10 - CBSE - by H C Verma - Examination 2023-2024 2023 Edition  (English, Paperback, Verma H C)","","https://rukminim2.flixcart.com/image/416/416/xif0q/book/b/f/x/-original-imagzjn77uchqxyz.jpeg?q=70&crop=false",273,"","4.54.54.44.4","","","https://www.flipkart.com/foundation-science-physics-class-10-pb-english/p/itmd32rakbyjzdqw"
"Harish Chandra Verma
 
Foundation Science Physics For Class 9 - CBSE - by H C Verma - Examination 2023-2024  (Paperback, HC Verma)","","https://rukminim2.flixcart.com/image/416/416/xif0q/book/y/i/v/harish-chandra-verma-foundation-science-physics-for-class-9-cbse-original-imahfzhp5a4u8fcr.jpeg?q=70&crop=false",450,"","2.62.64.4","","","https://www.flipkart.com/harish-chandra-verma-foundation-science-physics-class-9-cbse-h-c-examination-2023-2024/p/itm23eed584dea4c"
"Foundation Science Physics Class 10th (H C VARMA) In English MEDIUM Paperback  (Paperback, H C VARMA)","","https://rukminim2.flixcart.com/image/416/416/kxkqavk0/regionalbooks/j/7/j/foundation-science-physics-class-10th-h-c-varma-in-english-original-imagay9znu9jz9ah.jpeg?q=70&crop=false","","","","H C VARMA","Paperback","https://www.flipkart.com/foundation-science-physics-class-10th-h-c-varma-english-medium-paperback/p/itm4c39fe2f39f36"
"Foundation Science Physics Chemistry And Biology Combo By Bharti Bhawan  (Paperpack, AK Singh, LC Saha, HC Verma)","","https://rukminim2.flixcart.com/image/416/416/kkcwo7k0/regionalbooks/l/s/r/foundation-science-physics-chemistry-and-biology-combo-by-bharti-original-imafzpvuhwwygd2c.jpeg?q=70&crop=false","","","","AK Singh, LC Saha, HC Verma","Paperpack","https://www.flipkart.com/foundation-science-physics-chemistry-biology-combo-bharti-bhawan/p/itm70f2b60d778ba"
"Foundation Science Physics For Class 9  (Paperback, H C VERMA)","","https://rukminim2.flixcart.com/image/416/416/xif0q/regionalbooks/l/s/h/foundation-science-physics-for-class-9-original-imagjbrasbqsrk7h.jpeg?q=70&crop=false",130,166,"","H C VERMA","Paperback","https://www.flipkart.com/foundation-science-physics-class-9/p/itm6df116e967d04"
"Hindi Reader 0  (English, Undefined, Rani Rati)","","https://rukminim2.flixcart.com/image/416/416/k0cqqvk0/book/1/9/2/hindi-reader-0-original-imafk6ej2dbhzz7b.jpeg?q=70&crop=false","","","","","","https://www.flipkart.com/hindi-reader-0/p/itme1c4364528b01"
"Hindi Reader 1  (English, Undefined, Rani Rati)","","https://rukminim2.flixcart.com/image/416/416/k0cqqvk0/book/2/0/8/hindi-reader-1-original-imafk6edsvs7dmdr.jpeg?q=70&crop=false","","","","","","https://www.flipkart.com/hindi-reader-1/p/itme1bbba7d213c7"
"Hindi Reader 2  (English, Undefined, Rani Rati)","","https://rukminim2.flixcart.com/image/416/416/k0cqqvk0/book/2/1/5/hindi-reader-2-original-imafk6bffkh6trgh.jpeg?q=70&crop=false",99,"","4.4","","","https://www.flipkart.com/hindi-reader-2/p/itm227c00b65607c"
"Hindi Reader 3  (English, Undefined, Rani Rati)","","https://rukminim2.flixcart.com/image/416/416/jzn0tjk0/book/2/2/2/hindi-reader-3-original-imafjhfvv2dcchg8.jpeg?q=70&crop=false","","","","","","https://www.flipkart.com/hindi-reader-3/p/itmff8c86f69e7ac"
"Hindi Reader 4  (English, Undefined, Rani Rati)","","https://rukminim2.flixcart.com/image/416/416/jzlldow0/book/2/3/9/hindi-reader-4-original-imafjk8bhbhgxrqb.jpeg?q=70&crop=false",127,136,"","","","https://www.flipkart.com/hindi-reader-4/p/itm14d475f39dc74"
"Hindi Reader 5  (English, Undefined, Rani Rati)","","https://rukminim2.flixcart.com/image/416/416/k5cs87k0/book/2/7/7/hindi-reader-5-original-imafzfuzr2f8fuau.jpeg?q=70&crop=false","","","","","","https://www.flipkart.com/hindi-reader-5/p/itmdyufkfqyrm2md"
"Junior Maths 2  (English, Undefined, Gupta Asit Das)","","https://rukminim2.flixcart.com/image/416/416/jzn0tjk0/book/3/3/1/junior-maths-2-original-imafjhf5hv8hrx8j.jpeg?q=70&crop=false","","","","","","https://www.flipkart.com/junior-maths-2/p/itm3df9c0a852ed2"
"Junior Maths - 1  (Paperback, ASIT DAS GUPTA)","","https://rukminim2.flixcart.com/image/416/416/kkr72q80/regionalbooks/o/f/p/junior-maths-1-original-imagyyvyzgyrdgfg.jpeg?q=70&crop=false","","","","ASIT DAS GUPTA","Paperback","https://www.flipkart.com/junior-maths-1/p/itm0446259f4621a"
"Junior Maths Class- 3 (Old Like New Book)  (Paperback, Asit Das Gupta, Anindita Banerjee)","","https://rukminim2.flixcart.com/image/416/416/xif0q/regionalbooks/b/h/p/junior-maths-class-3-old-like-new-book-original-imagub9nm6ky6cgs.jpeg?q=70&crop=false",184,220,"","Asit Das Gupta, Anindita Banerjee","Paperback","https://www.flipkart.com/junior-maths-class-3-old-like-new-book/p/itm48f472e23fd20"
"Junior Maths Class- 2 (Old Like New Book)  (Paperback, Asit Das Gupta, Anindita Banerjee)","","https://rukminim2.flixcart.com/image/416/416/xif0q/regionalbooks/a/y/z/junior-maths-class-2-old-like-new-book-original-imagub8thspehjqz.jpeg?q=70&crop=false",294,304,"","Asit Das Gupta, Anindita Banerjee","Paperback","https://www.flipkart.com/junior-maths-class-2-old-like-new-book/p/itm01d0c63b20198"
"Junior Maths - 4  (Paperback, ASIT DAS GUPTA)","","https://rukminim2.flixcart.com/image/416/416/kkr72q80/regionalbooks/k/d/n/junior-maths-4-original-imagyyuxe7mf3wzc.jpeg?q=70&crop=false",338,"","4.5","ASIT DAS GUPTA","Paperback","https://www.flipkart.com/junior-maths-4/p/itm2a5ea5777ef10"
"Junior Maths 4 BY Asit Das Gupta  (Paperback, Asit Das Gupta)","","https://rukminim2.flixcart.com/image/416/416/jshtk7k0/regionalbooks/b/m/v/junior-maths-4-by-asit-das-gupta-original-imafdxk74jhxvsze.jpeg?q=70&crop=false","","","","Asit Das Gupta","Paperback","https://www.flipkart.com/junior-maths-4-asit-das-gupta/p/itmfe2bgvuvsrsmk"
"Junior Maths Class- 1 (Old Like New Book)  (Paperback, Asit Das Gupta, Anindita Banerjee)","","https://rukminim2.flixcart.com/image/416/416/xif0q/regionalbooks/p/y/s/junior-maths-class-1-old-like-new-book-original-imagubcbazdmqh84.jpeg?q=70&crop=false","","","","Asit Das Gupta, Anindita Banerjee","Paperback","https://www.flipkart.com/junior-maths-class-1-old-like-new-book/p/itmad30ba3a036c5"
"Junior Maths 1  (Paperback, A Das Gupta, A Banerjee)","","https://rukminim2.flixcart.com/image/416/416/xif0q/regionalbooks/b/j/e/junior-maths-1-original-imagtzyg2jfgphsx.jpeg?q=70&crop=false","","","","A Das Gupta, A Banerjee","Paperback","https://www.flipkart.com/junior-maths-1/p/itm6ce80a43dc2af"
"Junior Maths Class - 5  (Paperback, Asit Das Gupta, Anindita Banerjee)","","https://rukminim2.flixcart.com/image/416/416/j4hc5u80/regionalbooks/g/w/g/junior-maths-class-5-original-imaesbp2ayd6c6ek.jpeg?q=70&crop=false","","","","Asit Das Gupta, Anindita Banerjee","Paperback","https://www.flipkart.com/junior-maths-class-5/p/itmewcbfse657xk2"
"","","","","","","","","https://www.flipkart.com/junior-maths-class-4/p/itmb6828b6535629"
"Junior Maths Class 3  (Paperback, Asit Das Gupta, Anindita Banerjee)","","https://rukminim2.flixcart.com/image/416/416/xif0q/regionalbooks/g/g/u/junior-maths-class-1-original-imaggb4gqrfqnuw9.jpeg?q=70&crop=false",244,263,"4.8","Asit Das Gupta, Anindita Banerjee","Paperback","https://www.flipkart.com/junior-maths-class-3/p/itm537598692e9ef"
"Junior Maths 5  (Paperback, A Das Gupta)","","https://rukminim2.flixcart.com/image/416/416/xif0q/regionalbooks/p/u/o/junior-maths-5-original-imagqbfxxyh8mafc.jpeg?q=70&crop=false",285,381,"","A Das Gupta","Paperback","https://www.flipkart.com/junior-maths-5/p/itm40a4cd63a8939"
"Junior Maths Class- 4 (Old Like New Book)  (Paperback, ASIT DAS GUPTA)","","https://rukminim2.flixcart.com/image/416/416/xif0q/regionalbooks/8/b/o/junior-maths-class-4-old-like-new-book-original-imagub8ht5gzyevz.jpeg?q=70&crop=false",277,356,"","ASIT DAS GUPTA","Paperback","https://www.flipkart.com/junior-maths-class-4-old-like-new-book/p/itm49cfca6dd8a8e"
"Junior Maths - 5  (Paperback, ASIT DAS GUPTA)","","https://rukminim2.flixcart.com/image/416/416/kkr72q80/regionalbooks/b/2/s/junior-maths-5-original-imagyyuukdh254kd.jpeg?q=70&crop=false",350,362,"4.4","ASIT DAS GUPTA","Paperback","https://www.flipkart.com/junior-maths-5/p/itm04ba0e13a94cb"
"Junior Maths - 2  (Paperback, ASIT DAS GUPTA)","","https://rukminim2.flixcart.com/image/416/416/kkr72q80/regionalbooks/a/s/5/junior-maths-2-original-imagyyuygzpty4zs.jpeg?q=70&crop=false",265,302,"4.4","ASIT DAS GUPTA","Paperback","https://www.flipkart.com/junior-maths-2/p/itm071e833422561"
"Math Steps 1  (English, Undefined, Gupta Asit Das)","","https://rukminim2.flixcart.com/image/416/416/jzd0qkw0/book/0/6/6/math-steps-1-original-imafjdvbarkqtsdm.jpeg?q=70&crop=false",160,226,"4.3","","","https://www.flipkart.com/math-steps-1/p/itmb8387b1fbe840"
"Math Steps Step A  (Hardcover, A DAS GUPTA & S B PRASAD)","","https://rukminim2.flixcart.com/image/416/416/xif0q/regionalbooks/1/s/h/math-steps-step-a-original-imagmzzgpvhfnvnu.jpeg?q=70&crop=false",179,209,"3","A DAS GUPTA & S B PRASAD","Hardcover","https://www.flipkart.com/math-steps-step/p/itm059b85d1dda1e"
"Bharti Bhawan Math Steps 3 2023 Edition (English)  (Paperback, Asit Das Gupta & Suryabhushan Prashad)","","https://rukminim2.flixcart.com/image/416/416/xif0q/regionalbooks/a/b/t/bharti-bhawan-math-steps-3-2023-edition-english-original-imagny6nzn88vdxh.jpeg?q=70&crop=false",299,319,"4.6","Asit Das Gupta & Suryabhushan Prashad","Paperback","https://www.flipkart.com/bharti-bhawan-math-steps-3-2023-english/p/itm3bfe5dbc6b8a9"
"Math Steps 3  (Paperback, ASIT DAS GUPTA)","","https://rukminim2.flixcart.com/image/416/416/xif0q/regionalbooks/r/4/b/math-steps-3-original-imah65tm5hfjjeya.jpeg?q=70&crop=false",180,192,"4.44.44.14","ASIT DAS GUPTA","Paperback","https://www.flipkart.com/math-steps-3/p/itm7fec8f9a287c9"
"Math Steps Class 4  (Paperback, Asit Das Gupta, Suryabhushan Prasad)","","https://rukminim2.flixcart.com/image/416/416/kvtuxe80/regionalbooks/e/d/u/math-steps-class-4-original-imag8ndhf4t75csh.jpeg?q=70&crop=false",219,"","4.5","Asit Das Gupta, Suryabhushan Prasad","Paperback","https://www.flipkart.com/math-steps-class-4/p/itm39273241f08f6"
"Math Steps 5  (English, Paperback, Gupta Asit Das)","","https://rukminim2.flixcart.com/image/416/416/jzn0tjk0/book/6/1/6/math-steps-5-original-imafjhn2fvk59d5h.jpeg?q=70&crop=false",184,260,"4.5","","","https://www.flipkart.com/math-steps-5/p/itm9a9305cc6b969"
"Math Steps 4  (Paperback, ASIT DAS GUPTA)","","https://rukminim2.flixcart.com/image/416/416/xif0q/regionalbooks/t/s/0/math-steps-4-original-imah65tz5efph84g.jpeg?q=70&crop=false",160,171,"","ASIT DAS GUPTA","Paperback","https://www.flipkart.com/math-steps-4/p/itme61a59ae9f884"
"Math Steps For Class 3 | Mathematics Boos Of Class III, Junior Math Steps Book  (Paperback, HK)","","https://rukminim2.flixcart.com/image/416/416/kqpj4i80/regionalbooks/y/n/f/math-steps-for-class-3-mathematics-boos-of-class-iii-junior-math-original-imag4nurywrmbdjq.jpeg?q=70&crop=false",220,287,"4.5","HK","Paperback","https://www.flipkart.com/math-steps-class-3-mathematics-boos-iii-junior-book/p/itm76dd5ca7ae22d"
"Math Steps 5  (Paperback, ASIT DAS GUPTA)","","https://rukminim2.flixcart.com/image/416/416/xif0q/regionalbooks/3/3/2/math-steps-5-original-imah65tpdhj4qw4u.jpeg?q=70&crop=false",150,164,"4.4","ASIT DAS GUPTA","Paperback","https://www.flipkart.com/math-steps-5/p/itmede9c9bf97748"
"Math Steps 2  (Paperback, ASIT DAS GUPTA)","","https://rukminim2.flixcart.com/image/416/416/xif0q/regionalbooks/2/i/g/math-steps-2-original-imah65tk5kkhnwpc.jpeg?q=70&crop=false",170,180,"4.14.2","ASIT DAS GUPTA","Paperback","https://www.flipkart.com/math-steps-2/p/itm300235b1e5ca5"
"Math Steps 4  (Paperback, Asit Das Gupta, PHD, Suryabhusan Prasad, PHD)","","https://rukminim2.flixcart.com/image/416/416/xif0q/regionalbooks/n/n/s/math-steps-4-original-imagub44hucgdkgp.jpeg?q=70&crop=false",240,246,"","Asit Das Gupta, PHD, Suryabhusan Prasad, PHD","Paperback","https://www.flipkart.com/math-steps-4/p/itmd720999d656e8"
"Math Steps Class 2  (Paperback, ASIT DAS GUPTA)","","https://rukminim2.flixcart.com/image/416/416/kzk6bgw0/regionalbooks/g/z/x/math-steps-class-2-original-imagbje9sasfdgeh.jpeg?q=70&crop=false",168,"","4.8","ASIT DAS GUPTA","Paperback","https://www.flipkart.com/math-steps-class-2/p/itm1c763c67fd0b8"
"Bharti Bhawan Math Steps 4 2023 Edition (English)  (Paperback, Asit Das Gupta & Suryabhushan Prashad)","","https://rukminim2.flixcart.com/image/416/416/xif0q/regionalbooks/j/a/y/bharti-bhawan-math-steps-4-2023-edition-english-original-imagny6kpaqrh7jy.jpeg?q=70&crop=false",299,319,"4.3","Asit Das Gupta & Suryabhushan Prashad","Paperback","https://www.flipkart.com/bharti-bhawan-math-steps-4-2023-english/p/itm465c3d0fe6916"
"Math Steps Class 2  (Paperback, ASIT DAS)","","https://rukminim2.flixcart.com/image/416/416/xif0q/regionalbooks/j/i/j/math-steps-class-2-original-imaghkgsbp2vwzzz.jpeg?q=70&crop=false","","","","ASIT DAS","Paperback","https://www.flipkart.com/math-steps-class-2/p/itm00cae3e78cdd2"
"My Grammar Time Class-3, PB  (English, Paperback, Sarah Lalengzami Pachuau)","","https://rukminim2.flixcart.com/image/416/416/jjrgosw0/book/8/7/2/my-grammar-time-class-3-pb-original-imaf79nz4qhcbzzv.jpeg?q=70&crop=false",156,285,"4.54.54.84.7","","","https://www.flipkart.com/my-grammar-time-class-3-pb/p/itmf79kysy4rfh9b"
"My Grammar Time Class 1  (Paperback, Sarah Lalengzami Pachuau)","","https://rukminim2.flixcart.com/image/416/416/kr6oeq80/regionalbooks/k/v/k/my-grammar-time-class-1-original-imag5fgyjcfhnfxj.jpeg?q=70&crop=false","","","","Sarah Lalengzami Pachuau","Paperback","https://www.flipkart.com/my-grammar-time-class-1/p/itm4b88e9101075e"
"My Grammar Time Book 3  (Paperback, Rinku Gangopadhyay)","","https://rukminim2.flixcart.com/image/416/416/l5ld8y80/regionalbooks/v/d/m/my-grammar-time-book-3-original-imagg89mmggaazzc.jpeg?q=70&crop=false","","","","Rinku Gangopadhyay","Paperback","https://www.flipkart.com/my-grammar-time-book-3/p/itm23be23a3cbbad"
"My Grammar Time Book 5  (Paperback, Panel of experts)","","https://rukminim2.flixcart.com/image/416/416/l4oi4cw0/regionalbooks/f/z/r/my-grammar-time-book-5-original-imagfgqp9fx5rgnc.jpeg?q=70&crop=false","","","","Panel of experts","Paperback","https://www.flipkart.com/my-grammar-time-book-5/p/itm2ac6170580824"
"Bharati Bhawan My Grammar Time Class 3  (Paperback, Rinku Gangopadhyay)","","https://rukminim2.flixcart.com/image/416/416/xif0q/regionalbooks/o/v/w/bharati-bhawan-my-grammar-time-class-3-original-imagub59zfznvkty.jpeg?q=70&crop=false",190,269,"","Rinku Gangopadhyay","Paperback","https://www.flipkart.com/bharati-bhawan-my-grammar-time-class-3/p/itm4e030a1c1ffeb"
"My Grammar Time Class-4 (Old Book)  (Paperback, Rinku Gangopadhyay)","","https://rukminim2.flixcart.com/image/416/416/xif0q/regionalbooks/5/7/9/my-grammar-time-class-4-old-book-original-imagr2d4psfzgvbh.jpeg?q=70&crop=false",191,282,"","Rinku Gangopadhyay","Paperback","https://www.flipkart.com/my-grammar-time-class-4-old-book/p/itm56425415d04c5"
"My Grammar Time Class 1  (Paperback, Hindi, Sarah Lalengzami Pachuau)","","https://rukminim2.flixcart.com/image/416/416/xif0q/regionalbooks/j/l/l/my-grammar-time-class-1-original-imagub4mdxtpthpw.jpeg?q=70&crop=false","","","","Sarah Lalengzami Pachuau","Paperback","https://www.flipkart.com/my-grammar-time-class-1/p/itm06d72d85155e2"
"My Grammar Time Class 2  (Paperback, Sarah Lalengzami Pachuau)","","https://rukminim2.flixcart.com/image/416/416/kr6oeq80/regionalbooks/9/8/x/my-grammar-time-class-2-original-imag5fg3sbfkpdzg.jpeg?q=70&crop=false",175,187,"","Sarah Lalengzami Pachuau","Paperback","https://www.flipkart.com/my-grammar-time-class-2/p/itma466d9ff24b9c"
"My Grammar Time Book 4  (Paperback, Rinku Gangopadhyay)","","https://rukminim2.flixcart.com/image/416/416/l5ld8y80/regionalbooks/s/p/j/my-grammar-time-book-4-original-imagg8affmbyhe9c.jpeg?q=70&crop=false","","","","Rinku Gangopadhyay","Paperback","https://www.flipkart.com/my-grammar-time-book-4/p/itm6ccade673d977"
"MY Grammar Time Class 3  (Paperback, Rinku Gangopadhyay)","","https://rukminim2.flixcart.com/image/416/416/ksaoqkw0/regionalbooks/y/e/g/my-grammar-time-class-3-original-imag5wafbaqqnhcw.jpeg?q=70&crop=false",205,229,"","Rinku Gangopadhyay","Paperback","https://www.flipkart.com/my-grammar-time-class-3/p/itm6b1e56f27bfef"
"Sanskrit Bharati Praveshika  (Paperback, Sanskrit, BHARTI BHAWAN EXPERT)","","https://rukminim2.flixcart.com/image/416/416/xif0q/regionalbooks/d/g/1/sanskrit-bharati-praveshika-original-imaggwzh8kzntpxf.jpeg?q=70&crop=false","","","","BHARTI BHAWAN EXPERT","Paperback","https://www.flipkart.com/sanskrit-bharati-praveshika/p/itm546f46d557b8b"
"Sanskrit Bharati 3 / E2 02 Edition  (Sanskrit, Paperback, Dev Kant Jha)","","https://rukminim2.flixcart.com/image/416/416/book/5/1/7/sanskrit-bharati-3-e2-original-imad8jsgkhhbheeg.jpeg?q=70&crop=false","","","","Dev Kant Jha","","https://www.flipkart.com/sanskrit-bharati-3-e2-02/p/itmdyufkmkxxkkjg"
"Sugam Sanskrit Vyakaran Class 7 - Based On NCERT  (Paperback, Dr. Neelam Chaturvedi, Dr. Chanchala Gupta)","","https://rukminim2.flixcart.com/image/416/416/xif0q/book/a/6/x/sugam-sanskrit-vyakaran-class-7-based-on-ncert-original-imaghe4pyeraytyu.jpeg?q=70&crop=false",290,300,"4.4","","","https://www.flipkart.com/sugam-sanskrit-vyakaran-class-7-based-ncert/p/itm8445caf39bd10"
"A Sanskrit Course for Beginners: Pt. II  (English, Paperback, Jessup Warwick)","","https://rukminim2.flixcart.com/image/416/416/kjabs7k0-0/book/a/3/f/a-sanskrit-course-for-beginners-pt-ii-original-imafyvztxerusqyf.jpeg?q=70&crop=false",103,241,"3.73.73.3","","","https://www.flipkart.com/sanskrit-course-beginners-pt-ii/p/itmd93b4tj5nacau"
"Ncert Practice Workbook Sanskrit Ruchira (Prathmo Bhag) Class 6  - Class 6  (Hindi, Paperback, unknown)","","https://rukminim2.flixcart.com/image/416/416/kjkbv680-0/book/7/p/q/ncert-practice-workbook-sanskrit-ruchira-prathmo-bhag-class-6-original-imafz3j8fshyzwfj.jpeg?q=70&crop=false",154,176,"4.2","","","https://www.flipkart.com/workbook-sanskrit-cbse-class-6/p/itmeqsygmgnppubx"
"Secondary School Mathematics for Class 10 - R.S. Aggarwal - CBSE - Examination 2024-25  - MATHS with 1 Disc  (English, Paperback, unknown)","","https://rukminim2.flixcart.com/image/416/416/xif0q/book/j/f/e/secondary-school-mathematics-for-class-10-r-s-aggarwal-cbse-original-imah29u54r8abpum.jpeg?q=70&crop=false","","","","","","https://www.flipkart.com/secondary-school-mathematics-class-10-cbse-r-s-aggarwal-examination/p/itm6d6a6e8765285"
"Secondary School Mathematics for Class 9 - R.S. Aggarwal - CBSE - Examination 2024-25  (English, Paperback, Aggarwal Veena)","","https://rukminim2.flixcart.com/image/416/416/xif0q/book/o/d/w/-original-imagzjn6yhv662vy.jpeg?q=70&crop=false",327,682,"4.44.44.24.3","","","https://www.flipkart.com/secondary-school-mathematics-class-9-cbse-r-s-aggarwal-examination/p/itm3eed5430e4a1b"
"SECONDARY SCHOOL MATHEMATICS FOR CLASS 9  (English, Paperback, R S AGGARWAL, V AGGARWAL)","","https://rukminim2.flixcart.com/image/416/416/je1pa4w0/book/1/8/1/secondary-school-mathematics-for-class-9-original-imaf2tu6b3mq7b3w.jpeg?q=70&crop=false",348,553,"4.34.34.44.4","","","https://www.flipkart.com/secondary-school-mathematics-class-9/p/itmf2twhzsqsczze"
"SECONDARY SCHOOL MATHEMATICS CLASS-X (2020)  (English, Paperback, R S AGGARWAL, V AGGARWAL)","","https://rukminim2.flixcart.com/image/416/416/k7gikcw0/book/2/2/3/secondary-school-mathematics-class-x-2020-original-imafpztxy6gg7c7v.jpeg?q=70&crop=false",570,696,"4.14.14.4","","","https://www.flipkart.com/secondary-school-mathematics-class-x-2020/p/itmd1dbcd8359c53"
"Senior Secondary School Mathematics for Class 12  (English, Paperback, Aggarwal R. S.)","","https://rukminim2.flixcart.com/image/416/416/jpsnma80/book/6/3/8/senior-secondary-school-mathematics-for-class-12-original-imafbyjzfegzjhmt.jpeg?q=70&crop=false",560,616,"4.5","","","https://www.flipkart.com/senior-secondary-school-math-12-english/p/itmdyufkgcvcsuhe"
"Senior Secondary School Mathematics for Class 12 - by R S Aggarwal (2024-25 Examination)  - Senior Secondary School Mathematics for Class 12 - by R S Aggarwal (2024-25 Examination) Paperback  (book, R S Aggarwal)","","https://rukminim2.flixcart.com/image/416/416/xif0q/book/i/m/v/senior-secondary-school-mathematics-for-class-12-by-r-s-aggarwal-original-imah5469s4xy2uzk.jpeg?q=70&crop=false",747,1335,"4444.1","","","https://www.flipkart.com/senior-secondary-school-mathematics-class-12-r-s-aggarwal-2024-25-examination-paperback/p/itmd74b2a4249b8d"
"The Magic Carpet Integrated English Course Book 8  (Paperback, Amber Banerjee)","","https://rukminim2.flixcart.com/image/416/416/xif0q/regionalbooks/s/f/n/the-magic-carpet-integrated-english-course-book-8-original-imagh4g7kyg7heg2.jpeg?q=70&crop=false","","","","Amber Banerjee","Paperback","https://www.flipkart.com/magic-carpet-integrated-english-course-book-8/p/itm7a694c9df495f"
"The Magic Carpet Integrated English Course Book 2  (Paperback, Benita Sen)","","https://rukminim2.flixcart.com/image/416/416/xif0q/regionalbooks/q/g/3/the-magic-carpet-integrated-english-course-book-2-original-imaghhvcpage3qve.jpeg?q=70&crop=false",179,225,"","Benita Sen","Paperback","https://www.flipkart.com/magic-carpet-integrated-english-course-book-2/p/itmac4ef7ebf5671"
"The Magic Carpet Integrated English Course Book 5  (Paperback, Amber Banerjee)","","https://rukminim2.flixcart.com/image/416/416/xif0q/regionalbooks/v/v/n/the-magic-carpet-integrated-english-course-book-5-original-imaggkz3gb77waq9.jpeg?q=70&crop=false","","","","Amber Banerjee","Paperback","https://www.flipkart.com/magic-carpet-integrated-english-course-book-5/p/itme0543ae21efcc"
"The Magic Carpet Class-2(Old Like New Book)  (Paperback, Benita Sen)","","https://rukminim2.flixcart.com/image/416/416/xif0q/regionalbooks/t/m/l/the-magic-carpet-class-2-old-like-new-book-original-imagv34zkysnp6x9.jpeg?q=70&crop=false",216,252,"","Benita Sen","Paperback","https://www.flipkart.com/magic-carpet-class-2-old-like-new-book/p/itm006d227efc483"
"Bharati Bhawan The Magic Carpet For Primer B  (Paperpack, Bharti bhawan)","","https://rukminim2.flixcart.com/image/416/416/xif0q/regionalbooks/a/o/m/bharati-bhawan-the-magic-carpet-for-primer-b-original-imagvz4gmqg873wf.jpeg?q=70&crop=false",200,"","","Bharti bhawan","Paperpack","https://www.flipkart.com/bharati-bhawan-magic-carpet-primer-b/p/itmabc6280cdd5fb"
"THE MAGIC CARPET -3  (English, Paperback, AMBER BANERJEE)","","https://rukminim2.flixcart.com/image/416/416/xif0q/book/0/v/n/the-magic-carpet-3-original-imah4z77wfpgzrtm.jpeg?q=70&crop=false",267,276,"444.1","","","https://www.flipkart.com/magic-carpet-3/p/itme746633b4b74c"
"The magic carpet B  (Paperback, Àuditorial)","","https://rukminim2.flixcart.com/image/416/416/xif0q/book/p/r/p/the-magic-carpet-b-original-imagp38n4djftjwn.jpeg?q=70&crop=false",148,"","4.3","","","https://www.flipkart.com/magic-carpet-b/p/itmcf2daaec77d60"
"The Magic Carpet - 4 (INTEGRATED ENGLISH COURSEBOOK)  (Paperback, Benita Sen)","","https://rukminim2.flixcart.com/image/416/416/xif0q/regionalbooks/h/a/6/the-magic-carpet-4-integrated-english-coursebook-original-imah3xt7bft8gxbk.jpeg?q=70&crop=false",270,282,"","Benita Sen","Paperback","https://www.flipkart.com/magic-carpet-4-integrated-english-coursebook/p/itm997760b73af2c"
"The Magic Carpet Primer A  (Paperback, BHARATI)","","https://rukminim2.flixcart.com/image/416/416/xif0q/regionalbooks/u/j/k/the-magic-carpet-primer-a-original-imaghymfzqtpchhp.jpeg?q=70&crop=false","","","","BHARATI","Paperback","https://www.flipkart.com/magic-carpet-primer/p/itmbf33d2f726cf4"
"THE MAGIC CARPET -4  (English, Paperback, AMBER BANERJEE)","","https://rukminim2.flixcart.com/image/416/416/k6mibgw0/book/1/7/5/the-magic-carpet-4-original-imafpfhhpxgg57zj.jpeg?q=70&crop=false",280,284,"4.14.14.3","","","https://www.flipkart.com/magic-carpet-4/p/itm45eace0c7667d"
"The Magic Carpet - 7 (INTEGRATED ENGLISH COURSEBOOK)  (Paperback, Amber Banerjee)","","https://rukminim2.flixcart.com/image/416/416/xif0q/regionalbooks/c/i/i/the-magic-carpet-7-integrated-english-coursebook-original-imah3xtgyjscgqzp.jpeg?q=70&crop=false",340,355,"4.4","Amber Banerjee","Paperback","https://www.flipkart.com/magic-carpet-7-integrated-english-coursebook/p/itmd715a17732112"
"Concept of Physics by H.C Verma Part - I - Session 2024-25  - Concepts Of Physics Second Hand  (English, Paperback, Verma H.C.)","","https://rukminim2.flixcart.com/image/416/416/xif0q/book/8/s/b/concept-of-physics-by-h-c-verma-part-i-session-2024-25-original-imah5w7xcnvujg7y.jpeg?q=70&crop=false",351,525,"4.54.54.54.2","","","https://www.flipkart.com/concepts-phyics-v-1-2023/p/itma5238182f0ec1"
"Concepts Of Physics (Set of 2 Volume)  (English, Paperback, H C Verma)","","https://rukminim2.flixcart.com/image/416/416/book/7/0/5/concepts-of-physics-set-of-2-volume-original-imad7rfq72xpmh6j.jpeg?q=70&crop=false",726,799,"4.4","H C Verma","","https://www.flipkart.com/concepts-physics-set-2-volume/p/itmdepgn3pgefp4g"
"CONCEPTS OF PHYSICS (HINDI)  (Hindi, Paperback, BHARTI BHAWAN, H C VERMA)","","https://rukminim2.flixcart.com/image/416/416/jlph9jk0/book/0/8/2/concepts-of-physics-hindi-original-imaf8q3szb7gzrkq.jpeg?q=70&crop=false",570,"","4.44.44.14.4","","","https://www.flipkart.com/concepts-physics-hindi/p/itmf8re5zgypbggd"
"Concepts Of Physics 1  (PAPERPACK, H C VARMA)","","https://rukminim2.flixcart.com/image/416/416/xif0q/regionalbooks/e/9/i/concepts-of-physics-1-original-imaguj3fhbyhhptx.jpeg?q=70&crop=false",343,554,"3.93.94.5","H C VARMA","PAPERPACK","https://www.flipkart.com/concepts-physics-1/p/itm7359fdfc683d7"
"Concept Of Physics 2  (Paperback, H C Verma)","","https://rukminim2.flixcart.com/image/416/416/kz3118w0/regionalbooks/u/c/w/concept-of-physics-2-original-imagb65vwfzsz6er.jpeg?q=70&crop=false",527,"","4.1","H C Verma","Paperback","https://www.flipkart.com/concept-physics-2/p/itm581a872b2fbee"
"New Edition Concepts Of Physics ( H.c. Verma ) For Class -10  (Paperback, HC verma)","","https://rukminim2.flixcart.com/image/416/416/xif0q/regionalbooks/l/b/k/concepts-of-physics-h-c-verma-for-class-10-original-imagh8eucwcfjpys.jpeg?q=70&crop=false",285,381,"4.2","HC verma","Paperback","https://www.flipkart.com/new-concepts-physics-h-c-verma-class-10/p/itm38ee1b97a5fae"
"(Bhotiki Ki Samajh) Concepts Of Physics V-1 (Hindi)  (Paperback, Hindi, HC VERMA)","","https://rukminim2.flixcart.com/image/416/416/kppt47k0/regionalbooks/k/k/q/concepts-of-physics-v-1-hindi-original-imag3vwkyznzwzwp.jpeg?q=70&crop=false",595,"","4.4","HC VERMA","Paperback","https://www.flipkart.com/bhotiki-ki-samajh-concepts-physics-v-1-hindi/p/itmbe9784cf29233"
"Concepts Of Physics Vol I & II With Solutions Of Both The Volumes - Set Of 4 Books  (PAPERBAGE, H C VERMA)","","https://rukminim2.flixcart.com/image/416/416/jw3umq80/regionalbooks/z/v/7/concepts-of-physics-vol-i-ii-with-solutions-of-both-the-volumes-original-imaffnhbbxzmwtbk.jpeg?q=70&crop=false",1580,1682,"4.64.64.5","H C VERMA","PAPERBAGE","https://www.flipkart.com/concepts-physics-ii-solutions-both-volumes-set-4-books/p/itmffznpz6gzesza"
"Concepts Of Physics Class 11  (Paperback, H C VERMA)","","https://rukminim2.flixcart.com/image/416/416/xif0q/regionalbooks/q/8/b/concepts-of-physics-class-11-original-imagh2pgagmcfkdt.jpeg?q=70&crop=false","","","","H C VERMA","Paperback","https://www.flipkart.com/concepts-physics-class-11/p/itm76ade1c3e8ce3"
"Concepts Of Physics Vol - 1 &2 H C Verma (Combo)  (Paperback, H C VERMA)","","https://rukminim2.flixcart.com/image/416/416/xif0q/regionalbooks/l/k/y/concepts-of-phsics-vol-1-class-11-h-c-verma-original-imagp6tmhrpqwrfw.jpeg?q=70&crop=false",1120,1245,"3.5","H C VERMA","Paperback","https://www.flipkart.com/concepts-physics-1-2-h-c-verma-combo/p/itm7fb0ff06a5b43"
"भौतिकी की समझ  (पेपरबैक, एच सी वर्मा)","","https://rukminim2.flixcart.com/image/416/416/kyj0vbk0/regionalbooks/2/q/1/bhoutiki-ki-samajh-1-by-h-c-verma-original-imagaqpeete7wytd.jpeg?q=70&crop=false",599,"","4.2","","","https://www.flipkart.com/hi/bhoutiki-ki-samajh/p/itma63a0b0e1c17d"
"भौतिकी की समझ-2018, एचसी वर्मा  (पेपरबैक, एच.सी.वर्मा)","","https://rukminim2.flixcart.com/image/416/416/jkmwdjk0/regionalbooks/e/e/e/bhautiki-ki-samajh-2018-hc-verma-original-imaf7x8vvy8jmdgz.jpeg?q=70&crop=false","","","","","","https://www.flipkart.com/hi/bhautiki-ki-samajh-2018-hc-verma/p/itmf7xtrxb4tgtbz"
"Bhoutiki Ki Samajh 1  (Paperback, Verma H.C.)","","https://rukminim2.flixcart.com/image/416/416/kpu3frk0/book/x/p/5/bhoutiki-ki-samajh-1-original-imag3zgycumhzgcq.jpeg?q=70&crop=false","","","","","","https://www.flipkart.com/bhoutiki-ki-samajh-1/p/itma587e816f9064"
"Cocept Of Physics Part-2 H C Verma  (Hardcopy paperbook, H C VERMA)","","https://rukminim2.flixcart.com/image/416/416/krce64w0/regionalbooks/w/c/o/cocept-of-physics-part-2-h-c-verma-original-imag55hrvfru6bgz.jpeg?q=70&crop=false",550,"","4.1","H C VERMA","Hardcopy paperbook","https://www.flipkart.com/cocept-physics-part-2-h-c-verma/p/itmbb5a05c34a589"
"Cocept Of Physics Part-2 H C Verma (Hardcopy Paperbook, H C VERMA)  (Hardcopy Paperback, Publisher: BHARTI BHAWAN)","","https://rukminim2.flixcart.com/image/416/416/krce64w0/regionalbooks/w/c/o/cocept-of-physics-part-2-h-c-verma-original-imag55hrvfru6bgz.jpeg?q=70&crop=false",550,"","4.24.24.5","Publisher: BHARTI BHAWAN","Hardcopy Paperback","https://www.flipkart.com/cocept-physics-part-2-h-c-verma-hardcopy-paperbook-verma/p/itm53b8269bc1e69"
"Reactions, Rearrangements And Reagents  (HARD BOOK, S N SANYAL)","","https://rukminim2.flixcart.com/image/416/416/kfr5le80/regionalbooks/v/r/q/reactions-rearrangements-and-reagents-original-imafw547czudfrqa.jpeg?q=70&crop=false",460,555,"4.4","S N SANYAL","HARD BOOK","https://www.flipkart.com/reactions-rearrangements-reagents/p/itm4ddfbfa546247"
"Reactions,Rearrangements & Reagents,Sanyal  (English, Paperback, Sanyal S. N.)","","https://rukminim2.flixcart.com/image/416/416/kjabs7k0-0/book/v/p/q/reactions-rearrangements-reagents-sanyal-original-imafywcjggvbfcyp.jpeg?q=70&crop=false",250,"","4.54.54.5","","","https://www.flipkart.com/reactions-rearrangements-and-reagents/p/itmdyufkdxyt8xmy"
"Reaction, Rearrangements And Reagents  (Paperback, S N Sanyal)","","https://rukminim2.flixcart.com/image/416/416/xif0q/regionalbooks/l/n/n/reaction-rearrangements-and-reagents-original-imagrgyhs8gv28dt.jpeg?q=70&crop=false",215,"","","S N Sanyal","Paperback","https://www.flipkart.com/reaction-rearrangements-reagents/p/itmb7a1238b32203"
"Reactions Rearrangements And Reagents (Old Book)  (Paperback, S N SANYAL)","","https://rukminim2.flixcart.com/image/416/416/xif0q/regionalbooks/a/c/z/reactions-rearrangements-and-reagents-old-book-original-imagp7ycpgh8rhsj.jpeg?q=70&crop=false",172,250,"","S N SANYAL","Paperback","https://www.flipkart.com/reactions-rearrangements-reagents-old-book/p/itmedc4c08bce22a"
"Reactions, Rearrangements And Reagents  (TEXTBOOK, S N SANYAL)","","https://rukminim2.flixcart.com/image/416/416/xif0q/regionalbooks/k/6/o/reactions-rearrangements-and-reagents-original-imagrmbbfqm3rapg.jpeg?q=70&crop=false",200,"","5","S N SANYAL","TEXTBOOK","https://www.flipkart.com/reactions-rearrangements-reagents/p/itmb2a2ebf9f72e7"
"Chemistry Mcq (Multiple-Choice-Question Bank)  (Paperback, Kumar Ahluwalia Vinod)","","https://rukminim2.flixcart.com/image/416/416/xif0q/regionalbooks/u/7/2/chemistry-mcq-multiple-choice-question-bank-original-imaggzfpu3h3wcg9.jpeg?q=70&crop=false",674,689,"","Kumar Ahluwalia Vinod","Paperback","https://www.flipkart.com/chemistry-mcq-multiple-choice-question-bank/p/itmfca1d7b2fcf60"
"Chemistry Mcq For Iit, Engineering & Iiit Entrance Tests Multiple -Choice Question Bank By V Ahluwalla & A K Ghosh  (Paperback, VINOD KUMAR AHLUWALIA, ASHIS KUMAR GHOSH)","","https://rukminim2.flixcart.com/image/416/416/kydb3ww0/regionalbooks/i/o/z/chemistry-mcq-for-iit-engineering-iiit-entrance-tests-multiple-original-imagam7bygzm3agd.jpeg?q=70&crop=false","","","","VINOD KUMAR AHLUWALIA, ASHIS KUMAR GHOSH","Paperback","https://www.flipkart.com/chemistry-mcq-iit-engineering-iiit-entrance-tests-multiple-choice-question-bank-v-ahluwalla-k-ghosh/p/itm87ad3c7881542"
"केमिस्ट्री Mcq (मल्टीपल-चॉइस-क्वेश्चन बैंक)  (पेपरबैक, कुमार अहलुवालिया विनोद)","","https://rukminim2.flixcart.com/image/416/416/xif0q/regionalbooks/u/7/2/chemistry-mcq-multiple-choice-question-bank-original-imaggzfpu3h3wcg9.jpeg?q=70&crop=false",674,689,"","","","https://www.flipkart.com/hi/chemistry-mcq-multiple-choice-question-bank/p/itmfca1d7b2fcf60"
"Problems Plus IIT MATHEMATICS And
MATHEMATICS M C Q For IIT - JEE  (Paperback, A DAS GUPTA)","","https://rukminim2.flixcart.com/image/416/416/xif0q/regionalbooks/e/5/j/problems-plus-iit-mathematics-and-mathematics-m-c-q-for-iit-jee-original-imagpxkdvpedj4rb.jpeg?q=70&crop=false",1720,1978,"3.73.7","A DAS GUPTA","Paperback","https://www.flipkart.com/problems-plus-iit-mathematics-m-c-q-jee/p/itm2dcbcb11d4ffe"
"Mathematics Mcq For Iit Engineering & Iiit Entrance Tests  (Paperback, A DAS GUPTA)","","https://rukminim2.flixcart.com/image/416/416/kxnl6kw0/regionalbooks/2/t/k/mathematics-mcq-for-iit-engineering-iiit-entrance-tests-original-imaga2csdus68s2j.jpeg?q=70&crop=false","","","","A DAS GUPTA","Paperback","https://www.flipkart.com/mathematics-mcq-iit-engineering-iiit-entrance-tests/p/itm974f6cfd5e456"
"Mathematics Mcq For Iit, Engineering & Iiit Entrance Tests  (Paperback, A DAS GUPTA)","","https://rukminim2.flixcart.com/image/416/416/kwtkxow0/regionalbooks/r/z/o/mathematics-mcq-for-iit-engineering-iiit-entrance-tests-original-imag9ew7wxba6nya.jpeg?q=70&crop=false","","","","A DAS GUPTA","Paperback","https://www.flipkart.com/mathematics-mcq-iit-engineering-iiit-entrance-tests/p/itm55478120f0fd1"
"Mathematics MCQ Multiple Choice Question Bank With Latest Pattern And Edition  (Paperback, A Das Gupta)","","https://rukminim2.flixcart.com/image/416/416/j9a8fww0/regionalbooks/d/f/x/mathematics-mcq-multiple-choice-question-bank-with-latest-original-imaez24qkyy6jjyw.jpeg?q=70&crop=false","","","","A Das Gupta","Paperback","https://www.flipkart.com/mathematics-mcq-multiple-choice-question-bank-latest-pattern/p/itmez3vc6zdfxuss"
"Physics MCQ (Multiple-Choice-Question Bank)  (English, Paperback, Mukherji Deb)","","https://rukminim2.flixcart.com/image/416/416/jzn0tjk0/book/5/7/0/physics-mcq-multiple-choice-question-bank-original-imafjhkjzzqcjxaq.jpeg?q=70&crop=false",372,377,"4.44.44.3","","","https://www.flipkart.com/physics-mcq-multiple-choice-question-bank-mukherji-deb-author-english-bharati-bhawan-publishers-distributors-paperback-english/p/itmdyufkmqzscbq4"
"Problems Plus in IIT Mathematics  (English, Paperback, Gupta A Das)","","https://rukminim2.flixcart.com/image/416/416/k070zgw0/book/5/7/6/problems-plus-in-iit-mathematics-original-imafkfn3zcuj6ryz.jpeg?q=70&crop=false",999,1234,"4.44.44.54.5","","","https://www.flipkart.com/problems-plus-iit-mathematics/p/itm2354ad78b8294"
"Problems Plus In Iit Mathematics  (Paperback, A DAS GUPTA)","","https://rukminim2.flixcart.com/image/416/416/kxf0jgw0/regionalbooks/6/x/v/problems-plus-in-iit-mathematics-original-imag9vufjrdgygkt.jpeg?q=70&crop=false",1159,1172,"4.5","A DAS GUPTA","Paperback","https://www.flipkart.com/problems-plus-iit-mathematics/p/itmd82992074a2aa"
"Problems Plus In IIT Mathematics  (Paperback, A. Das Gupta)","","https://rukminim2.flixcart.com/image/416/416/jcp4b680/regionalbooks/d/g/w/problems-plus-in-iit-mathematics-original-imaeq2w9edzgy7x9.jpeg?q=70&crop=false",1165,1178,"4.2","A. Das Gupta","Paperback","https://www.flipkart.com/problems-plus-iit-mathematics/p/itmffrg7chjp33cj"
"Problems Plus In Iit Mathematics By A Das Gupta  (Paperback, A DAS GUPTA)","","https://rukminim2.flixcart.com/image/416/416/xif0q/regionalbooks/x/b/o/problems-plus-in-iit-mathematics-by-a-das-gupta-original-imaggzhtphreyszp.jpeg?q=70&crop=false",1170,1183,"5","A DAS GUPTA","Paperback","https://www.flipkart.com/problems-plus-iit-mathematics-das-gupta/p/itm9d9694b5f0601"
"Problems Plus In IIT Mathematics  (Paperback, Gupta A Das)","","https://rukminim2.flixcart.com/image/416/416/l1mh7rk0/regionalbooks/q/9/n/problems-plus-in-iit-mathematics-original-imagd5dwqqq37gpe.jpeg?q=70&crop=false",1165,1178,"","Gupta A Das","Paperback","https://www.flipkart.com/problems-plus-iit-mathematics/p/itm74e5987ca67e8"
"Problems Plus In Iit Mathematics  (Paperback, A DAS GUPTA)","","https://rukminim2.flixcart.com/image/416/416/kvtuxe80/regionalbooks/a/s/e/problems-plus-in-iit-mathematics-original-imag8nfvzthtqfjd.jpeg?q=70&crop=false",1182,"","","A DAS GUPTA","Paperback","https://www.flipkart.com/problems-plus-iit-mathematics/p/itmdc4320df605af"
"Problems Plus In Iit Mathematics  (Paperback, A DAS GUPTA)","","https://rukminim2.flixcart.com/image/416/416/xif0q/regionalbooks/k/u/f/problems-plus-in-iit-mathematics-original-imaggn82qxduqctz.jpeg?q=70&crop=false","","","","A DAS GUPTA","Paperback","https://www.flipkart.com/problems-plus-iit-mathematics/p/itm5b0c228adb058"
"HIGH SCHOOL BHOUTIKI 2 (HINDI)CLASS 10TH PB  (Hindi, Paperback, Prasad K)","","https://rukminim2.flixcart.com/image/416/416/jsuoivk0/book/1/4/1/high-school-bhoutiki-2-hindi-class-10th-pb-original-imafe8nddtzf6m9t.jpeg?q=70&crop=false","","","","","","https://www.flipkart.com/high-school-bhoutiki-2-hindi-class-10th-pb/p/itmf79kygshhxb5f"
"HIGH SCHOOL BHOUTIKI 1 (HINDI) CLASS 9TH PB  (Hindi, Paperback, Prasad K)","","https://rukminim2.flixcart.com/image/416/416/jsw3yq80/book/1/7/2/high-school-bhoutiki-1-hindi-class-9th-pb-original-imafe8nyj29ex4km.jpeg?q=70&crop=false","","","","","","https://www.flipkart.com/high-school-bhoutiki-1-hindi-class-9th-pb/p/itmf79kykwngaufb"
"HIGH SCHOOL RASAYANSHASTRA 1 (HINDI) CLASS 9TH PB  (Hindi, Paperback, Singh A K)","","https://rukminim2.flixcart.com/image/416/416/jsuoivk0/book/1/9/6/high-school-rasayanshastra-1-hindi-class-9th-pb-original-imafe8gj2durdtzb.jpeg?q=70&crop=false","","","","","","https://www.flipkart.com/high-school-rasayanshastra-1-hindi-class-9th-pb/p/itmf79kyjfv2hbtw"
"HIGH SCHOOL RASAYANSHASTRA 2 (HINDI) CLASS 10TH PB  (Hindi, Paperback, Singh A K)","","https://rukminim2.flixcart.com/image/416/416/jsuoivk0/book/1/6/5/high-school-rasayanshastra-2-hindi-class-10th-pb-original-imafe8ntmzggxaxk.jpeg?q=70&crop=false","","","","","","https://www.flipkart.com/high-school-rasayanshastra-2-hindi-class-10th-pb/p/itmf79kxutap69kk"
