Seller,Rating,Price,MRP,Discount,ISBN

ShriBalajiPublications,4.5,₹432,₹480,10% off,9788197239885
ShriBalajiPublications,4.5,₹454,₹478,5% off,9789391065034
AtoZbookshouse,3.4,₹469,₹478,1% off,9789391065034
ShriBalajiPublications,4.5,₹637,₹750,15% off,9788197239823
ShriBalajiPublications,4.5,₹433,₹578,25% off,9788197482106
ShriBalajiPublications,4.5,₹569,₹600,5% off,9789391065232
VIJAYBOOKSELLER,4.1,₹599,₹600,,9789391065232
ShriBalajiPublications,4.5,₹167,₹300,44% off,9788197796166
ShriBalajiPublications,4.5,₹499,₹600,16% off,9788197482168

Hadabook,4,₹650,,,9788197482199
ShriBalajiPublications,4.5,₹552,₹650,15% off,9788197883460
Hadabook,4,₹650,,,9788197883460
ShriBalajiPublications,4.5,₹568,₹588,3% off,9789391065683
apdrajasthan,4.1,₹569,₹588,3% off,9789391065683
VIJAYBOOKSELLER,4.1,₹575,₹588,2% off,9789391065683
ShriBalajiPublications,4.5,₹409,₹478,14% off,9788197796173
VIJAYBOOKSELLER,4.1,₹423,₹478,11% off,9788197796173
ShriBalajiPublications,4.5,₹366,₹458,20% off,9788197515781
ShriBalajiPublications,4.5,₹325,₹390,16% off,9788197796197
ShriBalajiPublications,4.5,₹411,₹548,25% off,9788197515705
ShriBalajiPublications,4.5,₹585,₹618,5% off,9789391065881
MKONLINEHUB,4.5,₹599,₹618,3% off,9789391065881
RAVIBOOKCENTER,,₹609,₹618,1% off,9789391065881
ShriBalajiPublications,4.5,₹329,₹475,30% off,9788197482144
ShriBalajiPublications,4.5,₹630,₹700,10% off,9788197883477
ShriBalajiPublications,4.5,₹472,₹525,10% off,9788197239854
ShriBalajiPublications,4.5,₹439,₹450,2% off,9788193040591
ShriBalajiPublications,4.5,₹630,₹700,10% off,9788197239809
ShriBalajiPublications,4.5,₹287,₹475,39% off,9788197515729
ShriBalajiPublications,4.5,₹337,₹450,25% off,9788197780950
ShriBalajiPublications,4.5,₹319,₹425,24% off,9788197515736
ShriBalajiPublications,4.5,₹552,₹650,15% off,9788197883408
Hadabook,4,₹650,,,9788197883408
ShriBalajiPublications,4.5,₹188,₹300,37% off,9788197482137
ShriBalajiPublications,4.5,₹223,₹350,36% off,9788197515774
ShriBalajiPublications,4.5,₹455,₹490,7% off,9789391065911
apdrajasthan,4.1,₹459,₹490,6% off,9789391065911
ShriBalajiPublications,4.5,₹405,₹578,29% off,9788197482120
ShriBalajiPublications,4.5,₹284,₹340,16% off,9788197239830
ShriBalajiPublications,4.5,₹628,₹658,4% off,9789391065980
apdrajasthan,4.1,₹629,₹658,4% off,9789391065980
DHYAWALAPOINT,,₹699,,,9789391065980
ShriBalajiPublications,4.5,₹267,₹300,11% off,9789391065775
ShriBalajiPublications,4.5,₹379,₹598,36% off,9788197482175
ShriBalajiPublications,4.5,₹369,₹525,29% off,9788197482151
ShriBalajiPublications,4.5,₹375,₹500,25% off,9788197534843
ShriBalajiPublications,4.5,₹247,₹275,10% off,9789384934019
ShriBalajiPublications,4.5,₹284,₹340,16% off,9788197239847
ShelfMates,4.1,₹405,₹425,4% off,9789391065966
ShriBalajiPublications,4.5,₹349,₹425,17% off,9789391065966
AllBookZone,3.6,₹399,₹425,6% off,9789391065966
apdrajasthan,4.1,₹409,₹425,3% off,9789391065966
RAVIBOOKCENTER,,₹421,₹425,,9789391065966
Hadabook,4,₹600,,,9789391065751
ShriBalajiPublications,4.5,₹524,₹578,9% off,9789391065751
ShriBalajiPublications,4.5,₹167,₹200,16% off,9789384934811
saanya199,4,₹488,₹735,33% off,9789391065836
ShriBalajiPublications,4.5,₹431,₹738,41% off,9789391065836
DIVYABOOKSHOUSE,4.3,₹471,₹735,35% off,9789391065836
radheraadhe,3.8,₹472,₹739,36% off,9789391065836
KritishaBooks,3.6,₹600,₹735,18% off,9789391065836
ISHENTERPRISES,,₹566,₹738,23% off,9789391065836
JA1ENTERPRISES,,₹649,₹739,12% off,9789391065836
MKONLINEHUB,4.5,₹699,₹738,5% off,9789391065836
Hadabook,4,₹700,₹750,6% off,9789391065836
DHYAWALAPOINT,,₹738,,,9789391065836
apdrajasthan,4.1,₹735,,,9789391065836
RAVIBOOKCENTER,,₹728,₹735,,9789391065836
DHARABOOK,,₹479,₹735,34% off,9789391065836
saanya199,4,₹354,₹598,40% off,9788197796180
ShriBalajiPublications,4.5,₹353,₹598,40% off,9788197796180
DIVYABOOKSHOUSE,4.3,₹445,₹598,25% off,9788197796180
NeelkamalBook2024,3.2,₹384,₹598,35% off,9788197796180
ALLBOOKS2024,,₹446,₹595,25% off,9788197796180
Kkkkkkbooks,4.2,₹470,₹598,21% off,9788197796180
readerscummunity,4.2,₹499,₹598,16% off,9788197796180
RKBookPoint,4,₹490,₹650,24% off,9788197796180
ManavBooks,4.1,₹598,,,9788197796180
CHOOSETHEBOOKS,,₹595,₹598,,9788197796180
AARUSHBOOKHUB,3.2,₹451,₹598,24% off,9788197796180
NSBTRADERS,,₹449,₹598,24% off,9788197796180
BHUTERAENTERPRISES,4,₹535,₹598,10% off,9788197796180
ShriBalajiPublications,4.5,₹561,₹600,6% off,9789391065409
VIJAYBOOKSELLER,4.1,₹565,₹600,5% off,9789391065409
ShriBalajiPublications,4.5,₹639,₹650,1% off,9788197796128
ShriBalajiPublications,4.5,₹416,₹520,20% off,9788197482182

ShriBalajiPublications,4.5,₹629,"₹1,050",40% off,9788197515767
ShriBalajiPublications,4.5,₹720,₹800,10% off,9788197239892
ShriBalajiPublications,4.5,₹389,₹518,24% off,9788197515750
ShriBalajiPublications,4.5,₹807,₹950,15% off,9788197534867
